{"materials":[{"id":-1454,"path":"Default UI Material","assetBundleId":-1,"data":["Default UI Material",0,30,3000,0,[["_StencilComp",8],["_Stencil",0],["_StencilOp",0],["_StencilWriteMask",255],["_StencilReadMask",255],["_ColorMask",15],["_UseUIAlphaClip",0]],[["_Color",1,1,1,1]],[["_MainTex_ST",1,1,0,0]],[["_MainTex",null,null]],[]]}],"prefabs":[{"id":24192,"path":".\\Library\\PackageCache\\com.zbase.unityscreennavigator@1.5.13\\Runtime\\Core\\Resources\\DefaultModalBackdrop.prefab","assetBundleId":-1,"components":[{"type":16,"id":72444,"data":[0.5,0.5,0,0,1,1,0,0,0,0,0,0,0,0,1,1,1,1]},{"type":20,"id":72446,"data":[1]},{"type":10,"id":72448,"enabled":1,"class":21,"data":[null,null,1,0,1,4,1,1,0,0,1,null,null,1,0,0,0,0.752941191196442,1,0,0,0,0]},{"type":10,"id":72450,"enabled":1,"class":23,"data":[[[0,null,null,null,null],[0,null,null,null,null]],0,0,1,"",null,null,null,null]},{"type":24,"id":72452,"data":[1,1,1,0,1]}],"children":[],"data":["DefaultModalBackdrop",0,1,0,5]}],"scenes":[{"id":0,"name":"PlayableScene","path":"Assets/Scenes/PlayableScene.unity","assetBundleId":-1,"data":["PlayableScene",1,0],"objects":[{"id":87956,"path":"Main Camera","assetBundleId":0,"components":[{"type":1,"id":87962,"data":[0,1,-10,1,1,1,0,0,0,1]},{"type":2,"id":87960,"data":[1,0.5625,1,13,0.192156866192818,0.301960796117783,0.474509805440903,0,0.300000011920929,1000,60,-1,2,-1,[0,0,1,1],null,null,0,50,36,24,0,0,2]},{"type":3,"id":87958,"data":[]}],"children":[],"data":["Main Camera",4,1,0,0]},{"id":88074,"path":"Directional Light","assetBundleId":0,"components":[{"type":1,"id":88078,"data":[0,3,0,1,1,1,0.408217877149582,-0.234569683670998,0.109381631016731,0.875426113605499]},{"type":4,"id":88076,"data":[1,1,1,0.95686274766922,0.839215695858002,1,-1,1,10,30,2,0.400000005960464,0.0500000007450581,1,-1,4,0,null,null,10]}],"children":[],"data":["Directional Light",0,1,0,0]},{"id":87844,"path":"BackGround","assetBundleId":0,"components":[{"type":1,"id":87848,"data":[0,1,0,1,1,1,0,0,0,1]},{"type":5,"id":87846,"data":[1,6,626,[6,626],0,0,0,-1000,-1,1,1,1,0,0,1,1,1,1,1,1,7,24064,0,0,0,1,1,0,0.5,0,0]},{"type":8,"id":87850,"enabled":1,"class":9,"data":[0]}],"children":[],"data":["BackGround",0,1,0,0]},{"id":87942,"path":"TileRoot","assetBundleId":0,"components":[{"type":1,"id":87944,"data":[-3.35999989509583,7.69999980926514,0,1,1,1,0,0,0,1]}],"children":[{"id":88132,"path":"TileRoot","assetBundleId":0,"components":[{"type":1,"id":88136,"data":[0,0,0,1.39999997615814,1.39999997615814,1.39999997615814,0,0,0,1]},{"type":5,"id":88134,"data":[1,6,626,[6,626],0,0,0,1,-1,1,1,1,0,0,1,1,1,1,1,1,7,24052,0,0,0,1,1,0,0.5,0,0]},{"type":8,"id":88138,"enabled":0,"class":9,"data":[1]},{"type":10,"id":88140,"enabled":1,"class":11,"data":[[[[[9,88138,"Tile, Assembly-CSharp","OnMouseDown",1,[null,null,"UnityEngine.Object, UnityEngine",0,0,"",0],2]]]],[3,0,null,null,null,null,null,null,null,null],1,[1,1,1,1,0.960784316062927,0.960784316062927,0.960784316062927,1,0.7843137383461,0.7843137383461,0.7843137383461,1,0.960784316062927,0.960784316062927,0.960784316062927,1,0.7843137383461,0.7843137383461,0.7843137383461,0.501960813999176,1,0.100000001490116],[null,null,null,null,null,null,null,null],["Normal","Highlighted","Pressed","Selected","Disabled"],1,null,null]}],"children":[{"id":88050,"path":"TileRoot","assetBundleId":0,"components":[{"type":1,"id":88052,"data":[0,0.200000002980232,0,0.349999994039536,0.349999994039536,0.349999994039536,0,0,0,1]},{"type":5,"id":88054,"data":[1,6,626,[6,626],0,0,0,2,-1,1,1,1,0,0,1,1,1,1,1,1,7,24070,0,0,0,1,1,0,0.5,0,0]}],"children":[],"data":["TileIcon",0,1,0,0]}],"data":["Tile",0,1,0,0]},{"id":87834,"path":"TileRoot","assetBundleId":0,"components":[{"type":1,"id":87836,"data":[2.24000000953674,0,0,1.39999997615814,1.39999997615814,1.39999997615814,0,0,0,1]},{"type":5,"id":87838,"data":[1,6,626,[6,626],0,0,0,1,-1,1,1,1,0,0,1,1,1,1,1,1,7,24052,0,0,0,1,1,0,0.5,0,0]},{"type":8,"id":87840,"enabled":0,"class":9,"data":[2]},{"type":10,"id":87842,"enabled":1,"class":11,"data":[[[[[9,88138,"Tile, Assembly-CSharp","OnMouseDown",1,[null,null,"UnityEngine.Object, UnityEngine",0,0,"",0],2]]]],[3,0,null,null,null,null,null,null,null,null],1,[1,1,1,1,0.960784316062927,0.960784316062927,0.960784316062927,1,0.7843137383461,0.7843137383461,0.7843137383461,1,0.960784316062927,0.960784316062927,0.960784316062927,1,0.7843137383461,0.7843137383461,0.7843137383461,0.501960813999176,1,0.100000001490116],[null,null,null,null,null,null,null,null],["Normal","Highlighted","Pressed","Selected","Disabled"],1,null,null]}],"children":[{"id":87974,"path":"TileRoot","assetBundleId":0,"components":[{"type":1,"id":87976,"data":[0,0.200000002980232,0,0.349999994039536,0.349999994039536,0.349999994039536,0,0,0,1]},{"type":5,"id":87978,"data":[1,6,626,[6,626],0,0,0,2,-1,1,1,1,0,0,1,1,1,1,1,1,7,24068,0,0,0,1,1,0,0.5,0,0]}],"children":[],"data":["TileIcon",0,1,0,0]}],"data":["Tile (1)",0,1,0,0]},{"id":88176,"path":"TileRoot","assetBundleId":0,"components":[{"type":1,"id":88178,"data":[4.48000001907349,0,0,1.39999997615814,1.39999997615814,1.39999997615814,0,0,0,1]},{"type":5,"id":88180,"data":[1,6,626,[6,626],0,0,0,1,-1,1,1,1,0,0,1,1,1,1,1,1,7,24052,0,0,0,1,1,0,0.5,0,0]},{"type":8,"id":88182,"enabled":0,"class":9,"data":[2]},{"type":10,"id":88184,"enabled":1,"class":11,"data":[[[[[9,88138,"Tile, Assembly-CSharp","OnMouseDown",1,[null,null,"UnityEngine.Object, UnityEngine",0,0,"",0],2]]]],[3,0,null,null,null,null,null,null,null,null],1,[1,1,1,1,0.960784316062927,0.960784316062927,0.960784316062927,1,0.7843137383461,0.7843137383461,0.7843137383461,1,0.960784316062927,0.960784316062927,0.960784316062927,1,0.7843137383461,0.7843137383461,0.7843137383461,0.501960813999176,1,0.100000001490116],[null,null,null,null,null,null,null,null],["Normal","Highlighted","Pressed","Selected","Disabled"],1,null,null]}],"children":[{"id":88028,"path":"TileRoot","assetBundleId":0,"components":[{"type":1,"id":88030,"data":[0,0.200000002980232,0,0.349999994039536,0.349999994039536,0.349999994039536,0,0,0,1]},{"type":5,"id":88032,"data":[1,6,626,[6,626],0,0,0,2,-1,1,1,1,0,0,1,1,1,1,1,1,7,24068,0,0,0,1,1,0,0.5,0,0]}],"children":[],"data":["TileIcon",0,1,0,0]}],"data":["Tile (2)",0,1,0,0]},{"id":88122,"path":"TileRoot","assetBundleId":0,"components":[{"type":1,"id":88124,"data":[6.71999979019165,0,0,1.39999997615814,1.39999997615814,1.39999997615814,0,0,0,1]},{"type":5,"id":88126,"data":[1,6,626,[6,626],0,0,0,1,-1,1,1,1,0,0,1,1,1,1,1,1,7,24052,0,0,0,1,1,0,0.5,0,0]},{"type":8,"id":88128,"enabled":0,"class":9,"data":[3]},{"type":10,"id":88130,"enabled":1,"class":11,"data":[[[[[9,88138,"Tile, Assembly-CSharp","OnMouseDown",1,[null,null,"UnityEngine.Object, UnityEngine",0,0,"",0],2]]]],[3,0,null,null,null,null,null,null,null,null],1,[1,1,1,1,0.960784316062927,0.960784316062927,0.960784316062927,1,0.7843137383461,0.7843137383461,0.7843137383461,1,0.960784316062927,0.960784316062927,0.960784316062927,1,0.7843137383461,0.7843137383461,0.7843137383461,0.501960813999176,1,0.100000001490116],[null,null,null,null,null,null,null,null],["Normal","Highlighted","Pressed","Selected","Disabled"],1,null,null]}],"children":[{"id":88002,"path":"TileRoot","assetBundleId":0,"components":[{"type":1,"id":88004,"data":[0,0.200000002980232,0,1.39999997615814,1.39999997615814,1.39999997615814,0,0,0,1]},{"type":5,"id":88006,"data":[1,6,626,[6,626],0,0,0,2,-1,1,1,1,0,0,1,1,1,1,1,1,7,24060,0,0,0,1,1,0,0.5,0,0]}],"children":[],"data":["TileIcon",0,1,0,0]}],"data":["Tile (3)",0,1,0,0]},{"id":87964,"path":"TileRoot","assetBundleId":0,"components":[{"type":1,"id":87966,"data":[2.24000000953674,-2.49000000953674,0,1.39999997615814,1.39999997615814,1.39999997615814,0,0,0,1]},{"type":5,"id":87968,"data":[1,6,626,[6,626],0,0,0,1,-1,1,1,1,0,0,1,1,1,1,1,1,7,24052,0,0,0,1,1,0,0.5,0,0]},{"type":8,"id":87970,"enabled":0,"class":9,"data":[2]},{"type":10,"id":87972,"enabled":1,"class":11,"data":[[[[[9,88138,"Tile, Assembly-CSharp","OnMouseDown",1,[null,null,"UnityEngine.Object, UnityEngine",0,0,"",0],2]]]],[3,0,null,null,null,null,null,null,null,null],1,[1,1,1,1,0.960784316062927,0.960784316062927,0.960784316062927,1,0.7843137383461,0.7843137383461,0.7843137383461,1,0.960784316062927,0.960784316062927,0.960784316062927,1,0.7843137383461,0.7843137383461,0.7843137383461,0.501960813999176,1,0.100000001490116],[null,null,null,null,null,null,null,null],["Normal","Highlighted","Pressed","Selected","Disabled"],1,null,null]}],"children":[{"id":88068,"path":"TileRoot","assetBundleId":0,"components":[{"type":1,"id":88070,"data":[0,0.200000002980232,0,0.349999994039536,0.349999994039536,0.349999994039536,0,0,0,1]},{"type":5,"id":88072,"data":[1,6,626,[6,626],0,0,0,2,-1,1,1,1,0,0,1,1,1,1,1,1,7,24068,0,0,0,1,1,0,0.5,0,0]}],"children":[],"data":["TileIcon",0,1,0,0]}],"data":["Tile (4)",0,1,0,0]},{"id":87798,"path":"TileRoot","assetBundleId":0,"components":[{"type":1,"id":87800,"data":[6.71999979019165,-2.49000000953674,0,1.39999997615814,1.39999997615814,1.39999997615814,0,0,0,1]},{"type":5,"id":87802,"data":[1,6,626,[6,626],0,0,0,1,-1,1,1,1,0,0,1,1,1,1,1,1,7,24052,0,0,0,1,1,0,0.5,0,0]},{"type":8,"id":87804,"enabled":0,"class":9,"data":[4]},{"type":10,"id":87806,"enabled":1,"class":11,"data":[[[[[9,88138,"Tile, Assembly-CSharp","OnMouseDown",1,[null,null,"UnityEngine.Object, UnityEngine",0,0,"",0],2]]]],[3,0,null,null,null,null,null,null,null,null],1,[1,1,1,1,0.960784316062927,0.960784316062927,0.960784316062927,1,0.7843137383461,0.7843137383461,0.7843137383461,1,0.960784316062927,0.960784316062927,0.960784316062927,1,0.7843137383461,0.7843137383461,0.7843137383461,0.501960813999176,1,0.100000001490116],[null,null,null,null,null,null,null,null],["Normal","Highlighted","Pressed","Selected","Disabled"],1,null,null]}],"children":[{"id":88116,"path":"TileRoot","assetBundleId":0,"components":[{"type":1,"id":88118,"data":[0,0.200000002980232,0,0.349999994039536,0.349999994039536,0.349999994039536,0,0,0,1]},{"type":5,"id":88120,"data":[1,6,626,[6,626],0,0,0,2,-1,1,1,1,0,0,1,1,1,1,1,1,7,24056,0,0,0,1,1,0,0.5,0,0]}],"children":[],"data":["TileIcon",0,1,0,0]}],"data":["Tile (5)",0,1,0,0]},{"id":87902,"path":"TileRoot","assetBundleId":0,"components":[{"type":1,"id":87904,"data":[0,-2.49000000953674,0,1.39999997615814,1.39999997615814,1.39999997615814,0,0,0,1]},{"type":5,"id":87906,"data":[1,6,626,[6,626],0,0,0,1,-1,1,1,1,0,0,1,1,1,1,1,1,7,24052,0,0,0,1,1,0,0.5,0,0]},{"type":8,"id":87908,"enabled":0,"class":9,"data":[5]},{"type":10,"id":87910,"enabled":1,"class":11,"data":[[[[[9,88138,"Tile, Assembly-CSharp","OnMouseDown",1,[null,null,"UnityEngine.Object, UnityEngine",0,0,"",0],2]]]],[3,0,null,null,null,null,null,null,null,null],1,[1,1,1,1,0.960784316062927,0.960784316062927,0.960784316062927,1,0.7843137383461,0.7843137383461,0.7843137383461,1,0.960784316062927,0.960784316062927,0.960784316062927,1,0.7843137383461,0.7843137383461,0.7843137383461,0.501960813999176,1,0.100000001490116],[null,null,null,null,null,null,null,null],["Normal","Highlighted","Pressed","Selected","Disabled"],1,null,null]}],"children":[{"id":87782,"path":"TileRoot","assetBundleId":0,"components":[{"type":1,"id":87784,"data":[0,0.200000002980232,0,0.349999994039536,0.349999994039536,0.349999994039536,0,0,0,1]},{"type":5,"id":87786,"data":[1,6,626,[6,626],0,0,0,2,-1,1,1,1,0,0,1,1,1,1,1,1,7,24058,0,0,0,1,1,0,0.5,0,0]}],"children":[],"data":["TileIcon",0,1,0,0]}],"data":["Tile (6)",0,1,0,0]},{"id":88166,"path":"TileRoot","assetBundleId":0,"components":[{"type":1,"id":88168,"data":[4.48000001907349,-2.49000000953674,0,1.39999997615814,1.39999997615814,1.39999997615814,0,0,0,1]},{"type":5,"id":88170,"data":[1,6,626,[6,626],0,0,0,1,-1,1,1,1,0,0,1,1,1,1,1,1,7,24052,0,0,0,1,1,0,0.5,0,0]},{"type":8,"id":88172,"enabled":0,"class":9,"data":[4]},{"type":10,"id":88174,"enabled":1,"class":11,"data":[[[[[9,88138,"Tile, Assembly-CSharp","OnMouseDown",1,[null,null,"UnityEngine.Object, UnityEngine",0,0,"",0],2]]]],[3,0,null,null,null,null,null,null,null,null],1,[1,1,1,1,0.960784316062927,0.960784316062927,0.960784316062927,1,0.7843137383461,0.7843137383461,0.7843137383461,1,0.960784316062927,0.960784316062927,0.960784316062927,1,0.7843137383461,0.7843137383461,0.7843137383461,0.501960813999176,1,0.100000001490116],[null,null,null,null,null,null,null,null],["Normal","Highlighted","Pressed","Selected","Disabled"],1,null,null]}],"children":[{"id":87896,"path":"TileRoot","assetBundleId":0,"components":[{"type":1,"id":87898,"data":[0,0.200000002980232,0,0.349999994039536,0.349999994039536,0.349999994039536,0,0,0,1]},{"type":5,"id":87900,"data":[1,6,626,[6,626],0,0,0,2,-1,1,1,1,0,0,1,1,1,1,1,1,7,24056,0,0,0,1,1,0,0.5,0,0]}],"children":[],"data":["TileIcon",0,1,0,0]}],"data":["Tile (7)",0,1,0,0]},{"id":87772,"path":"TileRoot","assetBundleId":0,"components":[{"type":1,"id":87774,"data":[2.24000000953674,-4.98000001907349,0,1.39999997615814,1.39999997615814,1.39999997615814,0,0,0,1]},{"type":5,"id":87776,"data":[1,6,626,[6,626],0,0,0,1,-1,1,1,1,0,0,1,1,1,1,1,1,7,24052,0,0,0,1,1,0,0.5,0,0]},{"type":8,"id":87778,"enabled":0,"class":9,"data":[6]},{"type":10,"id":87780,"enabled":1,"class":11,"data":[[[[[9,88138,"Tile, Assembly-CSharp","OnMouseDown",1,[null,null,"UnityEngine.Object, UnityEngine",0,0,"",0],2]]]],[3,0,null,null,null,null,null,null,null,null],1,[1,1,1,1,0.960784316062927,0.960784316062927,0.960784316062927,1,0.7843137383461,0.7843137383461,0.7843137383461,1,0.960784316062927,0.960784316062927,0.960784316062927,1,0.7843137383461,0.7843137383461,0.7843137383461,0.501960813999176,1,0.100000001490116],[null,null,null,null,null,null,null,null],["Normal","Highlighted","Pressed","Selected","Disabled"],1,null,null]}],"children":[{"id":88142,"path":"TileRoot","assetBundleId":0,"components":[{"type":1,"id":88144,"data":[0,0.200000002980232,0,0.349999994039536,0.349999994039536,0.349999994039536,0,0,0,1]},{"type":5,"id":88146,"data":[1,6,626,[6,626],0,0,0,2,-1,1,1,1,0,0,1,1,1,1,1,1,7,24072,0,0,0,1,1,0,0.5,0,0]}],"children":[],"data":["TileIcon",0,1,0,0]}],"data":["Tile (8)",0,1,0,0]},{"id":87946,"path":"TileRoot","assetBundleId":0,"components":[{"type":1,"id":87948,"data":[6.71999979019165,-4.98000001907349,0,1.39999997615814,1.39999997615814,1.39999997615814,0,0,0,1]},{"type":5,"id":87950,"data":[1,6,626,[6,626],0,0,0,1,-1,1,1,1,0,0,1,1,1,1,1,1,7,24052,0,0,0,1,1,0,0.5,0,0]},{"type":8,"id":87952,"enabled":0,"class":9,"data":[3]},{"type":10,"id":87954,"enabled":1,"class":11,"data":[[[[[9,88138,"Tile, Assembly-CSharp","OnMouseDown",1,[null,null,"UnityEngine.Object, UnityEngine",0,0,"",0],2]]]],[3,0,null,null,null,null,null,null,null,null],1,[1,1,1,1,0.960784316062927,0.960784316062927,0.960784316062927,1,0.7843137383461,0.7843137383461,0.7843137383461,1,0.960784316062927,0.960784316062927,0.960784316062927,1,0.7843137383461,0.7843137383461,0.7843137383461,0.501960813999176,1,0.100000001490116],[null,null,null,null,null,null,null,null],["Normal","Highlighted","Pressed","Selected","Disabled"],1,null,null]}],"children":[{"id":88090,"path":"TileRoot","assetBundleId":0,"components":[{"type":1,"id":88092,"data":[0,0.200000002980232,0,1.39999997615814,1.39999997615814,1.39999997615814,0,0,0,1]},{"type":5,"id":88094,"data":[1,6,626,[6,626],0,0,0,2,-1,1,1,1,0,0,1,1,1,1,1,1,7,24074,0,0,0,1,1,0,0.5,0,0]}],"children":[],"data":["TileIcon",0,1,0,0]}],"data":["Tile (9)",0,1,0,0]},{"id":87870,"path":"TileRoot","assetBundleId":0,"components":[{"type":1,"id":87872,"data":[0,-4.98000001907349,0,1.39999997615814,1.39999997615814,1.39999997615814,0,0,0,1]},{"type":5,"id":87874,"data":[1,6,626,[6,626],0,0,0,1,-1,1,1,1,0,0,1,1,1,1,1,1,7,24052,0,0,0,1,1,0,0.5,0,0]},{"type":8,"id":87876,"enabled":0,"class":9,"data":[5]},{"type":10,"id":87878,"enabled":1,"class":11,"data":[[[[[9,88138,"Tile, Assembly-CSharp","OnMouseDown",1,[null,null,"UnityEngine.Object, UnityEngine",0,0,"",0],2]]]],[3,0,null,null,null,null,null,null,null,null],1,[1,1,1,1,0.960784316062927,0.960784316062927,0.960784316062927,1,0.7843137383461,0.7843137383461,0.7843137383461,1,0.960784316062927,0.960784316062927,0.960784316062927,1,0.7843137383461,0.7843137383461,0.7843137383461,0.501960813999176,1,0.100000001490116],[null,null,null,null,null,null,null,null],["Normal","Highlighted","Pressed","Selected","Disabled"],1,null,null]}],"children":[{"id":87852,"path":"TileRoot","assetBundleId":0,"components":[{"type":1,"id":87854,"data":[0,0.200000002980232,0,0.349999994039536,0.349999994039536,0.349999994039536,0,0,0,1]},{"type":5,"id":87856,"data":[1,6,626,[6,626],0,0,0,2,-1,1,1,1,0,0,1,1,1,1,1,1,7,24058,0,0,0,1,1,0,0.5,0,0]}],"children":[],"data":["TileIcon",0,1,0,0]}],"data":["Tile (10)",0,1,0,0]},{"id":87932,"path":"TileRoot","assetBundleId":0,"components":[{"type":1,"id":87934,"data":[4.48000001907349,-4.98000001907349,0,1.39999997615814,1.39999997615814,1.39999997615814,0,0,0,1]},{"type":5,"id":87936,"data":[1,6,626,[6,626],0,0,0,1,-1,1,1,1,0,0,1,1,1,1,1,1,7,24052,0,0,0,1,1,0,0.5,0,0]},{"type":8,"id":87938,"enabled":0,"class":9,"data":[4]},{"type":10,"id":87940,"enabled":1,"class":11,"data":[[[[[9,88138,"Tile, Assembly-CSharp","OnMouseDown",1,[null,null,"UnityEngine.Object, UnityEngine",0,0,"",0],2]]]],[3,0,null,null,null,null,null,null,null,null],1,[1,1,1,1,0.960784316062927,0.960784316062927,0.960784316062927,1,0.7843137383461,0.7843137383461,0.7843137383461,1,0.960784316062927,0.960784316062927,0.960784316062927,1,0.7843137383461,0.7843137383461,0.7843137383461,0.501960813999176,1,0.100000001490116],[null,null,null,null,null,null,null,null],["Normal","Highlighted","Pressed","Selected","Disabled"],1,null,null]}],"children":[{"id":87754,"path":"TileRoot","assetBundleId":0,"components":[{"type":1,"id":87756,"data":[0,0.200000002980232,0,0.349999994039536,0.349999994039536,0.349999994039536,0,0,0,1]},{"type":5,"id":87758,"data":[1,6,626,[6,626],0,0,0,2,-1,1,1,1,0,0,1,1,1,1,1,1,7,24056,0,0,0,1,1,0,0.5,0,0]}],"children":[],"data":["TileIcon",0,1,0,0]}],"data":["Tile (11)",0,1,0,0]},{"id":87788,"path":"TileRoot","assetBundleId":0,"components":[{"type":1,"id":87790,"data":[2.24000000953674,-7.46999979019165,0,1.39999997615814,1.39999997615814,1.39999997615814,0,0,0,1]},{"type":5,"id":87792,"data":[1,6,626,[6,626],0,0,0,1,-1,1,1,1,0,0,1,1,1,1,1,1,7,24052,0,0,0,1,1,0,0.5,0,0]},{"type":8,"id":87794,"enabled":0,"class":9,"data":[1]},{"type":10,"id":87796,"enabled":1,"class":11,"data":[[[[[9,88138,"Tile, Assembly-CSharp","OnMouseDown",1,[null,null,"UnityEngine.Object, UnityEngine",0,0,"",0],2]]]],[3,0,null,null,null,null,null,null,null,null],1,[1,1,1,1,0.960784316062927,0.960784316062927,0.960784316062927,1,0.7843137383461,0.7843137383461,0.7843137383461,1,0.960784316062927,0.960784316062927,0.960784316062927,1,0.7843137383461,0.7843137383461,0.7843137383461,0.501960813999176,1,0.100000001490116],[null,null,null,null,null,null,null,null],["Normal","Highlighted","Pressed","Selected","Disabled"],1,null,null]}],"children":[{"id":87996,"path":"TileRoot","assetBundleId":0,"components":[{"type":1,"id":87998,"data":[0,0.200000002980232,0,0.349999994039536,0.349999994039536,0.349999994039536,0,0,0,1]},{"type":5,"id":88000,"data":[1,6,626,[6,626],0,0,0,2,-1,1,1,1,0,0,1,1,1,1,1,1,7,24070,0,0,0,1,1,0,0.5,0,0]}],"children":[],"data":["TileIcon",0,1,0,0]}],"data":["Tile (12)",0,1,0,0]},{"id":87824,"path":"TileRoot","assetBundleId":0,"components":[{"type":1,"id":87826,"data":[6.71999979019165,-7.46999979019165,0,1.39999997615814,1.39999997615814,1.39999997615814,0,0,0,1]},{"type":5,"id":87828,"data":[1,6,626,[6,626],0,0,0,1,-1,1,1,1,0,0,1,1,1,1,1,1,7,24052,0,0,0,1,1,0,0.5,0,0]},{"type":8,"id":87830,"enabled":0,"class":9,"data":[3]},{"type":10,"id":87832,"enabled":1,"class":11,"data":[[[[[9,88138,"Tile, Assembly-CSharp","OnMouseDown",1,[null,null,"UnityEngine.Object, UnityEngine",0,0,"",0],2]]]],[3,0,null,null,null,null,null,null,null,null],1,[1,1,1,1,0.960784316062927,0.960784316062927,0.960784316062927,1,0.7843137383461,0.7843137383461,0.7843137383461,1,0.960784316062927,0.960784316062927,0.960784316062927,1,0.7843137383461,0.7843137383461,0.7843137383461,0.501960813999176,1,0.100000001490116],[null,null,null,null,null,null,null,null],["Normal","Highlighted","Pressed","Selected","Disabled"],1,null,null]}],"children":[{"id":87766,"path":"TileRoot","assetBundleId":0,"components":[{"type":1,"id":87768,"data":[0,0.200000002980232,0,1.39999997615814,1.39999997615814,1.39999997615814,0,0,0,1]},{"type":5,"id":87770,"data":[1,6,626,[6,626],0,0,0,2,-1,1,1,1,0,0,1,1,1,1,1,1,7,24060,0,0,0,1,1,0,0.5,0,0]}],"children":[],"data":["TileIcon",0,1,0,0]}],"data":["Tile (13)",0,1,0,0]},{"id":87922,"path":"TileRoot","assetBundleId":0,"components":[{"type":1,"id":87924,"data":[0,-7.46999979019165,0,1.39999997615814,1.39999997615814,1.39999997615814,0,0,0,1]},{"type":5,"id":87926,"data":[1,6,626,[6,626],0,0,0,1,-1,1,1,1,0,0,1,1,1,1,1,1,7,24052,0,0,0,1,1,0,0.5,0,0]},{"type":8,"id":87928,"enabled":0,"class":9,"data":[4]},{"type":10,"id":87930,"enabled":1,"class":11,"data":[[[[[9,88138,"Tile, Assembly-CSharp","OnMouseDown",1,[null,null,"UnityEngine.Object, UnityEngine",0,0,"",0],2]]]],[3,0,null,null,null,null,null,null,null,null],1,[1,1,1,1,0.960784316062927,0.960784316062927,0.960784316062927,1,0.7843137383461,0.7843137383461,0.7843137383461,1,0.960784316062927,0.960784316062927,0.960784316062927,1,0.7843137383461,0.7843137383461,0.7843137383461,0.501960813999176,1,0.100000001490116],[null,null,null,null,null,null,null,null],["Normal","Highlighted","Pressed","Selected","Disabled"],1,null,null]}],"children":[{"id":87808,"path":"TileRoot","assetBundleId":0,"components":[{"type":1,"id":87810,"data":[0,0.200000002980232,0,0.349999994039536,0.349999994039536,0.349999994039536,0,0,0,1]},{"type":5,"id":87812,"data":[1,6,626,[6,626],0,0,0,2,-1,1,1,1,0,0,1,1,1,1,1,1,7,24056,0,0,0,1,1,0,0.5,0,0]}],"children":[],"data":["TileIcon",0,1,0,0]}],"data":["Tile (14)",0,1,0,0]},{"id":87814,"path":"TileRoot","assetBundleId":0,"components":[{"type":1,"id":87816,"data":[4.48000001907349,-7.46999979019165,0,1.39999997615814,1.39999997615814,1.39999997615814,0,0,0,1]},{"type":5,"id":87818,"data":[1,6,626,[6,626],0,0,0,1,-1,1,1,1,0,0,1,1,1,1,1,1,7,24052,0,0,0,1,1,0,0.5,0,0]},{"type":8,"id":87820,"enabled":0,"class":9,"data":[3]},{"type":10,"id":87822,"enabled":1,"class":11,"data":[[[[[9,88138,"Tile, Assembly-CSharp","OnMouseDown",1,[null,null,"UnityEngine.Object, UnityEngine",0,0,"",0],2]]]],[3,0,null,null,null,null,null,null,null,null],1,[1,1,1,1,0.960784316062927,0.960784316062927,0.960784316062927,1,0.7843137383461,0.7843137383461,0.7843137383461,1,0.960784316062927,0.960784316062927,0.960784316062927,1,0.7843137383461,0.7843137383461,0.7843137383461,0.501960813999176,1,0.100000001490116],[null,null,null,null,null,null,null,null],["Normal","Highlighted","Pressed","Selected","Disabled"],1,null,null]}],"children":[{"id":88160,"path":"TileRoot","assetBundleId":0,"components":[{"type":1,"id":88162,"data":[0,0.200000002980232,0,1.39999997615814,1.39999997615814,1.39999997615814,0,0,0,1]},{"type":5,"id":88164,"data":[1,6,626,[6,626],0,0,0,2,-1,1,1,1,0,0,1,1,1,1,1,1,7,24074,0,0,0,1,1,0,0.5,0,0]}],"children":[],"data":["TileIcon",0,1,0,0]}],"data":["Tile (15)",0,1,0,0]},{"id":88106,"path":"TileRoot","assetBundleId":0,"components":[{"type":1,"id":88108,"data":[2.24000000953674,-9.96000003814697,0,1.39999997615814,1.39999997615814,1.39999997615814,0,0,0,1]},{"type":5,"id":88110,"data":[1,6,626,[6,626],0,0,0,1,-1,1,1,1,0,0,1,1,1,1,1,1,7,24052,0,0,0,1,1,0,0.5,0,0]},{"type":8,"id":88112,"enabled":0,"class":9,"data":[3]},{"type":10,"id":88114,"enabled":1,"class":11,"data":[[[[[9,88138,"Tile, Assembly-CSharp","OnMouseDown",1,[null,null,"UnityEngine.Object, UnityEngine",0,0,"",0],2]]]],[3,0,null,null,null,null,null,null,null,null],1,[1,1,1,1,0.960784316062927,0.960784316062927,0.960784316062927,1,0.7843137383461,0.7843137383461,0.7843137383461,1,0.960784316062927,0.960784316062927,0.960784316062927,1,0.7843137383461,0.7843137383461,0.7843137383461,0.501960813999176,1,0.100000001490116],[null,null,null,null,null,null,null,null],["Normal","Highlighted","Pressed","Selected","Disabled"],1,null,null]}],"children":[{"id":88154,"path":"TileRoot","assetBundleId":0,"components":[{"type":1,"id":88156,"data":[0,0.200000002980232,0,1.39999997615814,1.39999997615814,1.39999997615814,0,0,0,1]},{"type":5,"id":88158,"data":[1,6,626,[6,626],0,0,0,2,-1,1,1,1,0,0,1,1,1,1,1,1,7,24074,0,0,0,1,1,0,0.5,0,0]}],"children":[],"data":["TileIcon",0,1,0,0]}],"data":["Tile (16)",0,1,0,0]},{"id":88096,"path":"TileRoot","assetBundleId":0,"components":[{"type":1,"id":88098,"data":[6.71999979019165,-9.96000003814697,0,1.39999997615814,1.39999997615814,1.39999997615814,0,0,0,1]},{"type":5,"id":88100,"data":[1,6,626,[6,626],0,0,0,1,-1,1,1,1,0,0,1,1,1,1,1,1,7,24052,0,0,0,1,1,0,0.5,0,0]},{"type":8,"id":88102,"enabled":0,"class":9,"data":[4]},{"type":10,"id":88104,"enabled":1,"class":11,"data":[[[[[9,88138,"Tile, Assembly-CSharp","OnMouseDown",1,[null,null,"UnityEngine.Object, UnityEngine",0,0,"",0],2]]]],[3,0,null,null,null,null,null,null,null,null],1,[1,1,1,1,0.960784316062927,0.960784316062927,0.960784316062927,1,0.7843137383461,0.7843137383461,0.7843137383461,1,0.960784316062927,0.960784316062927,0.960784316062927,1,0.7843137383461,0.7843137383461,0.7843137383461,0.501960813999176,1,0.100000001490116],[null,null,null,null,null,null,null,null],["Normal","Highlighted","Pressed","Selected","Disabled"],1,null,null]}],"children":[{"id":87864,"path":"TileRoot","assetBundleId":0,"components":[{"type":1,"id":87866,"data":[0,0.200000002980232,0,0.349999994039536,0.349999994039536,0.349999994039536,0,0,0,1]},{"type":5,"id":87868,"data":[1,6,626,[6,626],0,0,0,2,-1,1,1,1,0,0,1,1,1,1,1,1,7,24056,0,0,0,1,1,0,0.5,0,0]}],"children":[],"data":["TileIcon",0,1,0,0]}],"data":["Tile (17)",0,1,0,0]},{"id":87736,"path":"TileRoot","assetBundleId":0,"components":[{"type":1,"id":87738,"data":[0,-9.96000003814697,0,1.39999997615814,1.39999997615814,1.39999997615814,0,0,0,1]},{"type":5,"id":87740,"data":[1,6,626,[6,626],0,0,0,1,-1,1,1,1,0,0,1,1,1,1,1,1,7,24052,0,0,0,1,1,0,0.5,0,0]},{"type":8,"id":87742,"enabled":0,"class":9,"data":[3]},{"type":10,"id":87744,"enabled":1,"class":11,"data":[[[[[9,88138,"Tile, Assembly-CSharp","OnMouseDown",1,[null,null,"UnityEngine.Object, UnityEngine",0,0,"",0],2]]]],[3,0,null,null,null,null,null,null,null,null],1,[1,1,1,1,0.960784316062927,0.960784316062927,0.960784316062927,1,0.7843137383461,0.7843137383461,0.7843137383461,1,0.960784316062927,0.960784316062927,0.960784316062927,1,0.7843137383461,0.7843137383461,0.7843137383461,0.501960813999176,1,0.100000001490116],[null,null,null,null,null,null,null,null],["Normal","Highlighted","Pressed","Selected","Disabled"],1,null,null]}],"children":[{"id":88062,"path":"TileRoot","assetBundleId":0,"components":[{"type":1,"id":88064,"data":[0,0.200000002980232,0,1.39999997615814,1.39999997615814,1.39999997615814,0,0,0,1]},{"type":5,"id":88066,"data":[1,6,626,[6,626],0,0,0,2,-1,1,1,1,0,0,1,1,1,1,1,1,7,24074,0,0,0,1,1,0,0.5,0,0]}],"children":[],"data":["TileIcon",0,1,0,0]}],"data":["Tile (18)",0,1,0,0]},{"id":88008,"path":"TileRoot","assetBundleId":0,"components":[{"type":1,"id":88010,"data":[4.48000001907349,-9.96000003814697,0,1.39999997615814,1.39999997615814,1.39999997615814,0,0,0,1]},{"type":5,"id":88012,"data":[1,6,626,[6,626],0,0,0,1,-1,1,1,1,0,0,1,1,1,1,1,1,7,24052,0,0,0,1,1,0,0.5,0,0]},{"type":8,"id":88014,"enabled":0,"class":9,"data":[1]},{"type":10,"id":88016,"enabled":1,"class":11,"data":[[[[[9,88138,"Tile, Assembly-CSharp","OnMouseDown",1,[null,null,"UnityEngine.Object, UnityEngine",0,0,"",0],2]]]],[3,0,null,null,null,null,null,null,null,null],1,[1,1,1,1,0.960784316062927,0.960784316062927,0.960784316062927,1,0.7843137383461,0.7843137383461,0.7843137383461,1,0.960784316062927,0.960784316062927,0.960784316062927,1,0.7843137383461,0.7843137383461,0.7843137383461,0.501960813999176,1,0.100000001490116],[null,null,null,null,null,null,null,null],["Normal","Highlighted","Pressed","Selected","Disabled"],1,null,null]}],"children":[{"id":87990,"path":"TileRoot","assetBundleId":0,"components":[{"type":1,"id":87992,"data":[0,0.200000002980232,0,0.349999994039536,0.349999994039536,0.349999994039536,0,0,0,1]},{"type":5,"id":87994,"data":[1,6,626,[6,626],0,0,0,2,-1,1,1,1,0,0,1,1,1,1,1,1,7,24070,0,0,0,1,1,0,0.5,0,0]}],"children":[],"data":["TileIcon",0,1,0,0]}],"data":["Tile (19)",0,1,0,0]},{"id":87886,"path":"TileRoot","assetBundleId":0,"components":[{"type":1,"id":87888,"data":[2.24000000953674,-12.4499998092651,0,1.39999997615814,1.39999997615814,1.39999997615814,0,0,0,1]},{"type":5,"id":87890,"data":[1,6,626,[6,626],0,0,0,1,-1,1,1,1,0,0,1,1,1,1,1,1,7,24052,0,0,0,1,1,0,0.5,0,0]},{"type":8,"id":87892,"enabled":0,"class":9,"data":[6]},{"type":10,"id":87894,"enabled":1,"class":11,"data":[[[[[9,88138,"Tile, Assembly-CSharp","OnMouseDown",1,[null,null,"UnityEngine.Object, UnityEngine",0,0,"",0],2]]]],[3,0,null,null,null,null,null,null,null,null],1,[1,1,1,1,0.960784316062927,0.960784316062927,0.960784316062927,1,0.7843137383461,0.7843137383461,0.7843137383461,1,0.960784316062927,0.960784316062927,0.960784316062927,1,0.7843137383461,0.7843137383461,0.7843137383461,0.501960813999176,1,0.100000001490116],[null,null,null,null,null,null,null,null],["Normal","Highlighted","Pressed","Selected","Disabled"],1,null,null]}],"children":[{"id":88148,"path":"TileRoot","assetBundleId":0,"components":[{"type":1,"id":88150,"data":[0,0.200000002980232,0,0.349999994039536,0.349999994039536,0.349999994039536,0,0,0,1]},{"type":5,"id":88152,"data":[1,6,626,[6,626],0,0,0,2,-1,1,1,1,0,0,1,1,1,1,1,1,7,24072,0,0,0,1,1,0,0.5,0,0]}],"children":[],"data":["TileIcon",0,1,0,0]}],"data":["Tile (20)",0,1,0,0]},{"id":87912,"path":"TileRoot","assetBundleId":0,"components":[{"type":1,"id":87914,"data":[6.71999979019165,-12.4499998092651,0,1.39999997615814,1.39999997615814,1.39999997615814,0,0,0,1]},{"type":5,"id":87916,"data":[1,6,626,[6,626],0,0,0,1,-1,1,1,1,0,0,1,1,1,1,1,1,7,24052,0,0,0,1,1,0,0.5,0,0]},{"type":8,"id":87918,"enabled":0,"class":9,"data":[6]},{"type":10,"id":87920,"enabled":1,"class":11,"data":[[[[[9,88138,"Tile, Assembly-CSharp","OnMouseDown",1,[null,null,"UnityEngine.Object, UnityEngine",0,0,"",0],2]]]],[3,0,null,null,null,null,null,null,null,null],1,[1,1,1,1,0.960784316062927,0.960784316062927,0.960784316062927,1,0.7843137383461,0.7843137383461,0.7843137383461,1,0.960784316062927,0.960784316062927,0.960784316062927,1,0.7843137383461,0.7843137383461,0.7843137383461,0.501960813999176,1,0.100000001490116],[null,null,null,null,null,null,null,null],["Normal","Highlighted","Pressed","Selected","Disabled"],1,null,null]}],"children":[{"id":88056,"path":"TileRoot","assetBundleId":0,"components":[{"type":1,"id":88058,"data":[0,0.200000002980232,0,0.349999994039536,0.349999994039536,0.349999994039536,0,0,0,1]},{"type":5,"id":88060,"data":[1,6,626,[6,626],0,0,0,2,-1,1,1,1,0,0,1,1,1,1,1,1,7,24072,0,0,0,1,1,0,0.5,0,0]}],"children":[],"data":["TileIcon",0,1,0,0]}],"data":["Tile (21)",0,1,0,0]},{"id":88080,"path":"TileRoot","assetBundleId":0,"components":[{"type":1,"id":88082,"data":[0,-12.4499998092651,0,1.39999997615814,1.39999997615814,1.39999997615814,0,0,0,1]},{"type":5,"id":88084,"data":[1,6,626,[6,626],0,0,0,1,-1,1,1,1,0,0,1,1,1,1,1,1,7,24052,0,0,0,1,1,0,0.5,0,0]},{"type":8,"id":88086,"enabled":0,"class":9,"data":[5]},{"type":10,"id":88088,"enabled":1,"class":11,"data":[[[[[9,88138,"Tile, Assembly-CSharp","OnMouseDown",1,[null,null,"UnityEngine.Object, UnityEngine",0,0,"",0],2]]]],[3,0,null,null,null,null,null,null,null,null],1,[1,1,1,1,0.960784316062927,0.960784316062927,0.960784316062927,1,0.7843137383461,0.7843137383461,0.7843137383461,1,0.960784316062927,0.960784316062927,0.960784316062927,1,0.7843137383461,0.7843137383461,0.7843137383461,0.501960813999176,1,0.100000001490116],[null,null,null,null,null,null,null,null],["Normal","Highlighted","Pressed","Selected","Disabled"],1,null,null]}],"children":[{"id":87760,"path":"TileRoot","assetBundleId":0,"components":[{"type":1,"id":87762,"data":[0,0.200000002980232,0,0.349999994039536,0.349999994039536,0.349999994039536,0,0,0,1]},{"type":5,"id":87764,"data":[1,6,626,[6,626],0,0,0,2,-1,1,1,1,0,0,1,1,1,1,1,1,7,24058,0,0,0,1,1,0,0.5,0,0]}],"children":[],"data":["TileIcon",0,1,0,0]}],"data":["Tile (22)",0,1,0,0]},{"id":88034,"path":"TileRoot","assetBundleId":0,"components":[{"type":1,"id":88036,"data":[4.48000001907349,-12.4499998092651,0,1.39999997615814,1.39999997615814,1.39999997615814,0,0,0,1]},{"type":5,"id":88038,"data":[1,6,626,[6,626],0,0,0,1,-1,1,1,1,0,0,1,1,1,1,1,1,7,24052,0,0,0,1,1,0,0.5,0,0]},{"type":8,"id":88040,"enabled":0,"class":9,"data":[4]},{"type":10,"id":88042,"enabled":1,"class":11,"data":[[[[[9,88138,"Tile, Assembly-CSharp","OnMouseDown",1,[null,null,"UnityEngine.Object, UnityEngine",0,0,"",0],2]]]],[3,0,null,null,null,null,null,null,null,null],1,[1,1,1,1,0.960784316062927,0.960784316062927,0.960784316062927,1,0.7843137383461,0.7843137383461,0.7843137383461,1,0.960784316062927,0.960784316062927,0.960784316062927,1,0.7843137383461,0.7843137383461,0.7843137383461,0.501960813999176,1,0.100000001490116],[null,null,null,null,null,null,null,null],["Normal","Highlighted","Pressed","Selected","Disabled"],1,null,null]}],"children":[{"id":87880,"path":"TileRoot","assetBundleId":0,"components":[{"type":1,"id":87882,"data":[0,0.200000002980232,0,0.349999994039536,0.349999994039536,0.349999994039536,0,0,0,1]},{"type":5,"id":87884,"data":[1,6,626,[6,626],0,0,0,2,-1,1,1,1,0,0,1,1,1,1,1,1,7,24056,0,0,0,1,1,0,0.5,0,0]}],"children":[],"data":["TileIcon",0,1,0,0]}],"data":["Tile (23)",0,1,0,0]}],"data":["TileRoot",0,1,0,0]},{"id":87728,"path":"EventSystem","assetBundleId":0,"components":[{"type":1,"id":87734,"data":[0,0,0,1,1,1,0,0,0,1]},{"type":10,"id":87732,"enabled":1,"class":12,"data":[null,null,1,10]},{"type":10,"id":87730,"enabled":1,"class":13,"data":["Horizontal","Vertical","Submit","Cancel",10,0.5,0,1]}],"children":[],"data":["EventSystem",0,1,0,0]},{"id":87746,"path":"Hand","assetBundleId":0,"components":[{"type":1,"id":87750,"data":[2.49000000953674,0.560000002384186,0,0.400000005960464,0.400000005960464,0.400000005960464,0,0,0.199367880821228,0.979924738407135]},{"type":5,"id":87748,"data":[1,6,626,[6,626],0,0,0,4,-1,1,1,1,0,0,1,1,1,1,1,1,7,24054,0,0,0,1,1,0,0.5,0,0]},{"type":8,"id":87752,"enabled":1,"class":14,"data":[]}],"children":[],"data":["Hand",0,1,0,0]},{"id":87858,"path":"Text","assetBundleId":0,"components":[{"type":1,"id":87862,"data":[0.699999988079071,1.20000004768372,0,1.39999997615814,1.39999997615814,1.39999997615814,0,0,0,1]},{"type":5,"id":87860,"data":[1,6,626,[6,626],0,0,0,0,-1,1,1,1,0,0,1,1,1,1,1,1,7,24066,0,0,0,1,1,0,0.5,0,0]}],"children":[],"data":["Text",0,1,0,0]},{"id":88044,"path":"PlayableAdsManager","assetBundleId":0,"components":[{"type":1,"id":88046,"data":[-2.08591341972351,-0.466931521892548,0.977210998535156,1,1,1,0,0,0,1]},{"type":8,"id":88048,"enabled":1,"class":15,"data":[]}],"children":[],"data":["PlayableAdsManager",0,1,0,0]},{"id":88018,"path":"Canvas","assetBundleId":0,"components":[{"type":16,"id":88026,"data":[0.5,0.5,0,0,0,0,1080,1920,540,960,0,0,0,0,1,1,1,1]},{"type":17,"id":88024,"data":[1,100,100,0,0,0,"Default",0,1,null,null,0,0,0,0]},{"type":10,"id":88022,"enabled":1,"class":18,"data":[0,100,1,800,600,0,0,3,96,96,1,0]},{"type":10,"id":88020,"enabled":1,"class":19,"data":[1,0,-1]}],"children":[{"id":87980,"path":"Canvas","assetBundleId":0,"components":[{"type":16,"id":87982,"data":[0.5,0.5,0.5,0.5,0.5,0.5,576,160,0,-750,0,0,0,0,1,1,1,1]},{"type":20,"id":87986,"data":[1]},{"type":10,"id":87984,"enabled":1,"class":21,"data":[7,24062,0,0,1,4,1,1,0,0,1,null,null,1,1,1,1,1,1,0,0,0,0]},{"type":10,"id":87988,"enabled":1,"class":11,"data":[[[[]]],[3,0,null,null,null,null,null,null,null,null],1,[1,1,1,1,0.960784316062927,0.960784316062927,0.960784316062927,1,0.7843137383461,0.7843137383461,0.7843137383461,1,0.960784316062927,0.960784316062927,0.960784316062927,1,0.7843137383461,0.7843137383461,0.7843137383461,0.501960813999176,1,0.100000001490116],[null,null,null,null,null,null,null,null],["Normal","Highlighted","Pressed","Selected","Disabled"],1,21,87984]}],"children":[],"data":["PlayNowbutton",0,1,0,5]}],"data":["Canvas",0,1,0,5]}],"render_settings":{"data":[1,1,0,0.211999997496605,0.226999998092651,0.25900000333786,1,0.211999997496605,0.226999998092651,0.25900000333786,1,0.0469999983906746,0.0430000014603138,0.0350000001490116,1,0.114000000059605,0.125,0.133000001311302,1,0.5,0.5,0.5,1,300,0,0.00999999977648258,0,6,874,3,[],[[0,0],[0,0],[0,0],[0,0],[0,0],[0,0]],1,2,1,[0.1658373,-0.01665089,-0.01141147,0.006588027,0.004987163,-0.008637408,0.009416063,-0.01018397,0.02243179,0.2077697,0.02693731,-0.01892466,0.01092591,0.008419754,-0.01458296,0.01370436,-0.01557059,0.03220405,0.287093,0.1098187,-0.03482735,0.02010581,0.01630964,-0.02824713,0.01771512,-0.0236112,0.03958121],[0,0,0,0,0,0,0,0,0,0,0,0,0,0,0,0,0,0,0,0,0,0,0,0,0,0,0],0,null,null,22,24250,0,128,88076,4,1,0,1]}}],"scriptable-objects":[{"id":24180,"path":"Assets/Resources/DOTweenSettings.asset","name":"DOTweenSettings","assetBundleId":-1,"class":26,"data":[1,[2,0],1,1,0,0.150000005960464,0,0,2,1,0,3,0,0,6,1.70158004760742,0,1,0,0,1,1,0,[0,1,1,0,1,1,0,0,0,0,0],0,0,0]}],"shaders":[{"id":32,"assetBundleId":-1,"data":[[],"Hidden/InternalErrorShader",null,[],[[0,0,"",0,"",0,[4,null],[1,null],[2,null],[[1,null],[0,null],[0,null]],[[1,null],[0,null],[0,null]],[15,null],[0,null],[0,null],[0,null],[255,null],[255,null],[[0,null],[0,null],[0,null],[8,null]],[[0,null],[0,null],[0,null],[8,null]],[[0,null],[0,null],[0,null],[8,null]],[],[],[],[],[],0]],[],[],null,null,0,0,0]}],"sprites":[{"id":24054,"path":"Assets/Sprites/PlayableAds/female hand.png","assetBundleId":-1,"data":["female hand",25,24080,[0,1.594058,0,4.47417,7.840606,0],[0.4539014,8.688969,0,0.5470852,0.8925781,0.4539014,7.435336,0,0.5470852,0.8359375,0.4539014,8.245874,0,0.5470852,0.8725586,0.4430942,8.87269,0,0.5459641,0.9008789,0.4430942,7.424529,0,0.5459641,0.8354492,0.4430942,6.603184,0,0.5459641,0.7983398,0.4214798,8.959148,0,0.543722,0.9047852,0.4863229,8.094574,0,0.5504484,0.8657227,0.4755157,7.770359,0,0.5493274,0.8510742,0.4863229,7.964888,0,0.5504484,0.8598633,0.4647085,8.245874,0,0.5482063,0.8725586,0.4647085,7.662287,0,0.5482063,0.8461914,0.5727803,5.825067,0,0.5594171,0.7631836,0.5619731,5.500852,0,0.558296,0.7485352,0.5727803,5.511659,0,0.5594171,0.7490234,0.5619731,4.679507,0,0.558296,0.7114258,0.5619731,4.971301,0,0.558296,0.7246094,0.5619731,4.031076,0,0.558296,0.6821289,0.4647085,6.430269,0,0.5482063,0.7905273,0.5727803,4.690314,0,0.5594171,0.7119141,0.5727803,4.960493,0,0.5594171,0.7241211,2.777444,5.068565,0,0.7881166,0.7290039,2.766637,4.733542,0,0.7869955,0.7138672,2.788251,4.874036,0,0.7892377,0.7202148,2.745023,4.636278,0,0.7847534,0.7094727,2.734215,5.187444,0,0.7836323,0.734375,2.98278,-4.787579,0,0.8094171,0.2836914,2.961166,-4.54982,0,0.8071749,0.2944336,2.98278,-4.917264,0,0.8094171,0.277832,3.804126,3.944619,0,0.8946188,0.6782227,3.793318,3.814933,0,0.8934978,0.6723633,3.804126,3.912197,0,0.8946188,0.6767578,3.771704,4.171569,0,0.8912556,0.6884766,3.75009,4.290449,0,0.8890135,0.6938477,3.717668,3.533946,0,0.8856502,0.659668,3.685247,3.447489,0,0.882287,0.6557617,3.652825,4.452556,0,0.8789238,0.7011719,4.463363,2.993587,0,0.9630045,0.6352539,4.47417,2.345157,0,0.9641256,0.605957,4.47417,2.853094,0,0.9641256,0.6289063,4.463363,2.280314,0,0.9630045,0.6030273,4.430942,3.090852,0,0.9596413,0.6396484,4.409328,2.118206,0,0.9573991,0.5957031,4.39852,3.155695,0,0.956278,0.6425781,4.376906,2.053363,0,0.9540359,0.5927734,4.32287,1.772377,0,0.9484305,0.5800781,4.268834,3.306996,0,0.9428251,0.6494141,4.24722,1.49139,0,0.9405829,0.5673828,4.214798,1.329283,0,0.9372197,0.5600586,4.171569,3.371839,0,0.9327354,0.6523438,4.171569,0.9186099,0,0.9327354,0.5415039,4.149955,0.7240807,0,0.9304933,0.5327148,4.106727,0.432287,0,0.9260089,0.5195313,4.074305,3.425874,0,0.9226457,0.6547852,4.074305,0.3026009,0,0.9226457,0.5136719,4.052691,0.2053363,0,0.9204036,0.5092773,3.955426,3.458296,0,0.9103139,0.65625,3.955426,-0.1080718,0,0.9103139,0.4951172,3.923004,-0.2701794,0,0.9069507,0.487793,3.858161,-0.5295516,0,0.9002242,0.4760742,3.836547,-0.6592377,0,0.8979821,0.4702148,3.793318,-0.8429596,0,0.8934978,0.4619141,3.782511,3.447489,0,0.8923767,0.6557617,3.609596,-1.480583,0,0.8744395,0.4331055,3.566368,-1.621076,0,0.8699552,0.4267578,3.533946,-1.739955,0,0.8665919,0.4213867,3.458296,4.614664,0,0.8587444,0.7084961,3.458296,-2.010134,0,0.8587444,0.4091797,3.393453,-2.139821,0,0.8520179,0.4033203,3.317803,4.679507,0,0.8441704,0.7114258,3.25296,-2.453229,0,0.8374439,0.3891602,3.17731,-2.604529,0,0.8295964,0.3823242,3.155695,4.722735,0,0.8273543,0.7133789,3.123274,-2.734215,0,0.8239911,0.3764648,3.015202,-2.98278,0,0.8127803,0.3652344,2.993587,4.722735,0,0.8105381,0.7133789,2.950359,4.711928,0,0.8060538,0.7128906,2.928744,-3.306996,0,0.8038117,0.3505859,2.90713,-3.447489,0,0.8015695,0.3442383,2.896323,-3.566368,0,0.8004484,0.3388672,2.885516,-3.577175,0,0.7993274,0.3383789,2.842287,4.6687,0,0.7948431,0.7109375,2.885516,-4.041883,0,0.7993274,0.3173828,3.25296,-5.641346,0,0.8374439,0.2451172,3.242152,-6.041211,0,0.8363228,0.2270508,3.263767,-5.933139,0,0.8385651,0.2319336,3.231345,-5.306323,0,0.8352018,0.2602539,3.209731,-5.122601,0,0.8329597,0.2685547,3.188117,-6.116861,0,0.8307175,0.2236328,3.134081,-6.170897,0,0.8251121,0.2211914,3.123274,-4.971301,0,0.8239911,0.2753906,3.036816,-6.214126,0,0.8150224,0.2192383,2.917937,-4.203991,0,0.8026906,0.3100586,2.917937,-6.23574,0,0.8026906,0.2182617,2.90713,-4.139148,0,0.8015695,0.3129883,2.896323,-4.052691,0,0.8004484,0.3168945,2.766637,-6.246547,0,0.7869955,0.2177734,2.658565,5.306323,0,0.7757847,0.7397461,2.539686,5.446816,0,0.7634529,0.7460938,2.399193,5.544081,0,0.7488789,0.7504883,2.247892,5.608924,0,0.7331839,0.753418,2.118206,5.630538,0,0.7197309,0.7543945,1.98852,5.630538,0,0.706278,0.7543945,1.848027,5.608924,0,0.691704,0.753418,1.718341,5.554888,0,0.6782511,0.7509766,1.588655,5.468431,0,0.6647982,0.7470703,1.437354,5.306323,0,0.6491032,0.7397461,1.296861,5.068565,0,0.6345292,0.7290039,1.210404,4.776771,0,0.6255605,0.7158203,1.113139,4.47417,0,0.6154708,0.7021484,1.005067,4.236413,0,0.6042601,0.6914063,0.8969955,3.868969,0,0.5930493,0.6748047,0.8429596,3.739283,0,0.5874439,0.6689453,0.680852,3.82574,0,0.5706278,0.6728516,0.5727803,4.020269,0,0.5594171,0.6816406,0.4539014,6.592377,0,0.5470852,0.7978516,0.3782511,9.056413,0,0.5392377,0.9091797,0.2053363,9.359014,0,0.5213004,0.9228516,0.1296861,9.423857,0,0.5134529,0.9257813,0.1080718,9.434664,0,0.5112107,0.9262695,-0.07565022,9.434664,0,0.4921525,0.9262695,-0.1621076,9.380628,0,0.4831839,0.9238281,-0.3242152,9.207713,0,0.4663677,0.9160156,-0.432287,9.078027,0,0.455157,0.9101563,-0.5619731,8.829462,0,0.441704,0.8989258,-0.5835875,8.764619,0,0.4394619,0.8959961,-0.6700448,8.451211,0,0.4304933,0.8818359,-0.6916592,-6.246547,0,0.4282511,0.2177734,-0.7024664,8.343139,0,0.42713,0.8769531,-0.7565023,7.954081,0,0.4215247,0.859375,-0.7781166,7.770359,0,0.4192825,0.8510742,-0.7889237,7.597444,0,0.4181614,0.8432617,-0.799731,7.348879,0,0.4170403,0.8320313,-0.799731,6.981435,0,0.4170403,0.8154297,-0.8105381,6.970628,0,0.4159193,0.8149414,-0.8213453,6.765292,0,0.4147982,0.8056641,-0.8429596,6.473498,0,0.4125561,0.7924805,-0.8429596,-6.23574,0,0.4125561,0.2182617,-0.8537668,6.322197,0,0.411435,0.7856445,-0.8537668,5.219865,0,0.411435,0.7358398,-0.8537668,4.258027,0,0.411435,0.6923828,-0.864574,4.24722,0,0.4103139,0.6918945,-0.8969955,3.933812,0,0.4069507,0.6777344,-0.929417,3.75009,0,0.4035874,0.6694336,-0.9510314,-6.214126,0,0.4013453,0.2192383,-0.9834529,3.469103,0,0.3979821,0.6567383,-1.005067,3.32861,0,0.3957399,0.6503906,-1.059103,3.080045,0,0.3901345,0.6391602,-1.080717,2.874708,0,0.3878924,0.6298828,-1.080717,-6.170897,0,0.3878924,0.2211914,-1.123946,2.690987,0,0.3834081,0.621582,-1.156368,-4.830807,0,0.3800448,0.2817383,-1.167175,-6.041211,0,0.3789238,0.2270508,-1.177982,-4.928072,0,0.3778027,0.2773438,-1.286054,-5.003722,0,0.3665919,0.2739258,-1.286054,-5.565695,0,0.3665919,0.2485352,-1.296861,-5.511659,0,0.3654709,0.2509766,-1.329283,-5.144215,0,0.3621076,0.2675781,-1.329283,-5.31713,0,0.3621076,0.2597656,-1.880448,2.766637,0,0.3049327,0.625,-1.999327,-2.301928,0,0.2926009,0.3959961,-1.880448,-2.507265,0,0.3049327,0.3867188,-2.042556,3.123274,0,0.2881166,0.6411133,-1.869641,2.788251,0,0.3060538,0.6259766,-2.107399,3.25296,0,0.2813902,0.6469727,-2.118206,-2.042556,0,0.2802691,0.4077148,-2.161435,3.371839,0,0.2757848,0.6523438,-2.193856,-1.83722,0,0.2724215,0.4169922,-2.215471,-1.729148,0,0.2701794,0.421875,-2.2587,3.544753,0,0.265695,0.6601563,-2.269507,-1.41574,0,0.264574,0.4360352,-2.312735,-1.156368,0,0.2600897,0.4477539,-2.33435,-1.015874,0,0.2578475,0.4541016,-2.377578,3.696054,0,0.2533632,0.6669922,-2.388386,-0.7889237,0,0.2522422,0.4643555,-2.442421,-0.5511659,0,0.2466368,0.4750977,-2.528879,-0.1296861,0,0.2376682,0.4941406,-2.539686,3.868969,0,0.2365471,0.6748047,-2.572108,0.0432287,0,0.2331839,0.5019531,-2.604529,0.2161435,0,0.2298206,0.5097656,-2.680179,0.5619731,0,0.2219731,0.5253906,-2.712601,0.7565023,0,0.2186099,0.5341797,-2.745023,0.9942601,0,0.2152466,0.5449219,-2.788251,1.253632,0,0.2107623,0.5566406,-2.820673,4.139148,0,0.2073991,0.6870117,-2.885516,1.534619,0,0.2006726,0.5693359,-2.98278,4.258027,0,0.190583,0.6923828,-2.98278,1.772377,0,0.190583,0.5800781,-3.026009,1.880448,0,0.1860987,0.5849609,-3.080045,2.031749,0,0.1804933,0.5917969,-3.155695,2.301928,0,0.1726457,0.6040039,-3.166502,4.376906,0,0.1715247,0.6977539,-3.274574,2.539686,0,0.1603139,0.6147461,-3.350224,2.723408,0,0.1524664,0.6230469,-3.393453,2.842287,0,0.1479821,0.628418,-3.425874,4.506592,0,0.1446188,0.7036133,-3.533946,4.539013,0,0.1334081,0.7050781,-3.555561,3.134081,0,0.1311659,0.6416016,-3.652825,3.296188,0,0.1210762,0.6489258,-3.728475,3.415067,0,0.1132287,0.6542969,-3.75009,4.59305,0,0.1109865,0.7075195,-3.847354,3.512332,0,0.1008969,0.6586914,-3.879776,4.603857,0,0.09753364,0.7080078,-3.998655,4.59305,0,0.08520179,0.7075195,-4.009462,4.582242,0,0.08408072,0.7070313,-4.031076,3.696054,0,0.08183853,0.6669922,-4.160762,3.858161,0,0.06838565,0.6743164,-4.32287,4.063498,0,0.05156954,0.6835938,-4.366099,4.582242,0,0.04708517,0.7070313,-4.420135,4.560628,0,0.04147982,0.7060547,-4.47417,4.517399,0,0.03587447,0.7041016,-4.47417,4.301256,0,0.03587447,0.6943359,-1.188789,2.48565,0,0.3766816,0.6123047,-1.210404,-4.560628,0,0.3744394,0.2939453,-1.253632,2.323543,0,0.3699552,0.6049805,-1.253632,-4.333677,0,0.3699552,0.3041992,-1.296861,2.161435,0,0.3654709,0.5976563,-1.307668,-4.009462,0,0.3643498,0.3188477,-1.34009,1.977713,0,0.3609866,0.5893555,-1.383318,1.902063,0,0.3565022,0.5859375,-1.383318,-3.760897,0,0.3565022,0.3300781,-1.426547,1.848027,0,0.3520179,0.5834961,-1.448161,-3.436682,0,0.3497758,0.3447266,-1.49139,1.945292,0,0.3452915,0.5878906,-1.534619,-3.220538,0,0.3408072,0.3544922,-1.545426,2.107399,0,0.3396861,0.5952148,-1.577847,2.193856,0,0.3363229,0.5991211,-1.577847,-3.090852,0,0.3363229,0.3603516,-1.621076,2.269507,0,0.3318386,0.6025391,-1.653498,-2.90713,0,0.3284753,0.3686523,-1.696726,2.420807,0,0.323991,0.609375,-1.729148,-2.766637,0,0.3206278,0.375,-1.783184,-2.669372,0,0.3150224,0.3793945,-1.815605,-2.593722,0,0.3116592,0.3828125,-0.864574,6.062825,0,0.4103139,0.7739258,-0.864574,5.230673,0,0.4103139,0.7363281,-3.393453,2.820673,0,0.1479821,0.6274414],[236,194,193,235,234,139,138,139,234,161,159,233,230,233,159,232,233,230,231,232,230,229,231,230,228,229,230,227,229,228,226,227,228,224,227,226,225,224,226,223,224,225,222,224,223,221,222,223,220,222,221,219,220,221,217,220,219,218,217,219,216,217,218,215,217,216,214,215,216,213,215,214,212,213,214,151,213,212,150,151,212,211,210,207,209,207,210,208,207,209,204,207,208,206,207,204,205,206,204,201,205,204,203,201,204,202,201,203,200,201,202,199,201,200,196,199,200,198,199,196,197,198,196,194,197,196,195,194,196,191,194,195,193,194,191,192,193,191,190,192,191,186,190,191,189,190,186,188,189,186,187,188,186,185,187,186,184,185,186,183,185,184,177,183,184,182,183,177,181,182,177,180,181,177,179,180,177,178,179,177,176,178,177,173,176,177,175,176,173,174,175,173,172,174,173,169,172,173,171,172,169,170,171,169,168,170,169,166,168,169,167,168,166,165,167,166,164,165,166,160,165,164,162,160,164,159,160,162,163,159,162,161,160,159,158,157,156,154,156,157,155,156,154,152,155,154,153,152,154,151,152,153,149,152,151,150,149,151,148,149,150,144,149,148,147,144,148,146,144,147,145,144,146,143,144,145,137,144,143,142,137,143,141,137,142,140,137,141,139,137,140,138,137,139,136,137,138,127,137,136,135,127,136,134,127,135,133,127,134,132,127,133,131,127,132,130,127,131,129,127,130,128,127,129,126,127,128,96,127,126,125,96,126,124,96,125,17,96,124,123,17,124,122,17,123,121,17,122,120,17,121,119,17,120,118,17,119,117,17,118,5,17,117,116,5,117,6,5,116,115,17,5,18,17,115,114,96,17,113,96,114,112,96,113,111,96,112,110,96,111,109,96,110,108,96,109,107,96,108,106,96,107,105,96,106,104,96,105,103,96,104,102,96,103,101,96,102,100,96,101,99,96,100,98,96,99,97,96,98,25,96,97,24,96,25,81,96,24,82,96,81,93,96,82,95,93,82,94,93,95,92,93,94,91,93,92,27,91,92,28,91,27,90,91,28,89,91,90,87,89,90,88,89,87,84,88,87,86,84,87,83,84,86,85,84,83,76,80,81,82,81,80,79,80,76,78,79,76,77,78,76,74,77,76,75,74,76,72,74,75,73,74,72,71,73,72,69,71,72,70,71,69,68,70,69,66,68,69,67,68,66,65,67,66,36,65,66,64,65,36,63,64,36,61,63,36,35,61,36,62,61,35,56,61,62,60,61,56,59,60,56,58,59,56,57,58,56,55,57,56,53,55,56,54,55,53,52,54,53,49,52,53,51,52,49,50,51,49,48,50,49,46,48,49,47,48,46,45,47,46,43,45,46,44,45,43,42,44,43,41,42,43,40,42,41,37,40,41,38,40,37,39,38,37,36,33,35,34,35,33,30,34,33,32,30,33,29,30,32,31,30,29,28,27,26,25,21,24,22,24,21,23,22,21,15,16,19,20,19,16,12,13,18,17,18,13,15,17,13,16,15,13,14,13,12,1,2,11,10,11,2,8,11,10,7,8,10,9,8,7,6,3,5,4,5,3,1,4,3,0,1,3,2,1,0],-0.0000853035526233725,-0.0000371634960174561,0.999914705753326,0.99996280670166,0.0358744747936726,0.2177734375,0.964125573635101,0.92626953125,0,0,0,0,[0,0,0,0],[-4.82,-11.06655,4.82,11.06655],92.531120300293,892,2048,892,2047.99987792969,446,1023.99993896484,32.0761222839355,446.076110839844]},{"id":24056,"path":"Assets/Sprites/PlayableAds/chuối.png","assetBundleId":-1,"data":["chuối",25,24082,[0,0,0,1.87,1.685,0],[1.74,0.565,0,0.9652407,0.6676558,1.87,-0.295,0,1,0.4124629,1.87,0.375,0,1,0.611276,1.62,-0.765,0,0.9331551,0.272997,1.49,0.595,0,0.8983957,0.6765578,1.36,1.055,0,0.8636364,0.8130564,1.47,0.855,0,0.8930481,0.7537092,1.35,-0.965,0,0.8609626,0.2136499,1.08,-1.255,0,0.7887701,0.1275964,1.07,1.095,0,0.7860963,0.8249258,0.73,-1.565,0,0.6951872,0.03560831,0.56,0.845,0,0.6497326,0.7507418,0.46,-1.685,0,0.6229947,0,-0.17,1.015,0,0.4545455,0.8011869,-0.41,-1.685,0,0.3903743,0,-0.43,1.095,0,0.3850267,0.8249258,-0.45,1.585,0,0.3796791,0.9703264,-0.51,1.665,0,0.3636364,0.9940653,-0.59,1.685,0,0.342246,1,-0.78,-1.575,0,0.2914439,0.03264095,-1.07,1.685,0,0.2139037,1,-1.15,-1.365,0,0.1925134,0.09495549,-1.33,-1.225,0,0.144385,0.1364985,-1.52,0.535,0,0.09358289,0.6587537,-1.57,1.545,0,0.0802139,0.958457,-1.65,0.675,0,0.05882353,0.7002968,-1.83,1.365,0,0.01069519,0.9050445,-1.87,1.315,0,0,0.8902077,-1.87,1.075,0,0,0.8189911,-1.58,-0.935,0,0.07754011,0.2225519,-1.64,0.285,0,0.06149733,0.5845698,-1.67,-0.765,0,0.05347594,0.272997,-1.75,-0.125,0,0.03208556,0.462908,-1.75,-0.415,0,0.03208556,0.3768546],[33,32,31,30,31,32,29,31,30,23,29,30,22,29,23,28,27,25,26,25,27,24,25,26,23,25,24,20,23,24,22,23,20,21,22,20,19,21,20,18,19,20,14,19,18,17,14,18,16,14,17,15,14,16,13,14,15,12,14,13,11,12,13,10,12,11,9,10,11,8,10,9,5,8,9,7,8,5,3,7,5,4,3,5,6,4,5,0,3,4,1,3,0,2,1,0],0,0,1,1,0,0,1,1,0,0,0,0,[0,0,0,0],[-1.87,-1.685,1.87,1.685],100,374,337,374,337,187,168.5,0,0]},{"id":24058,"path":"Assets/Sprites/PlayableAds/kem sicula.png","assetBundleId":-1,"data":["kem sicula",25,24084,[0,0,0,1.7,1.82,0],[1.01,0.92,0,0.7970588,0.7527472,0.92,1.24,0,0.7705882,0.8406593,1.01,0.74,0,0.7970588,0.7032967,1.55,-0.29,0,0.9558824,0.4203297,1.45,-0.8,0,0.9264706,0.2802198,1.56,-0.44,0,0.9588235,0.3791209,1.35,-1.82,0,0.8970588,0,0.9,-1.82,0,0.7647059,0,0.86,1.28,0,0.7529412,0.8516483,0.8,-1.8,0,0.7352941,0.005494506,0.67,-1.67,0,0.6970588,0.04120879,0.51,1.79,0,0.65,0.9917582,0.45,-1.32,0,0.6323529,0.1373626,0.42,1.82,0,0.6235294,1,0.07,-1.37,0,0.5205882,0.1236264,-0.14,-1.33,0,0.4588235,0.1346154,-0.26,-1.25,0,0.4235294,0.1565934,-0.42,1.82,0,0.3764706,1,-0.52,1.7,0,0.3470588,0.967033,-0.55,-0.91,0,0.3382353,0.25,-1.06,-0.41,0,0.1882353,0.3873626,-1.09,1.6,0,0.1794118,0.9395604,-1.29,-0.18,0,0.1205882,0.4505495,-1.35,0,0,0.1029412,0.5,-1.51,1.39,0,0.05588235,0.8818681,-1.69,0.48,0,0.002941177,0.6318681,-1.7,1.21,0,0,0.8324176,-1.7,0.71,0,0,0.6950549,1.7,-1.09,0,1,0.2005495,1.56,-1.75,0,0.9588235,0.01923077,1.7,-1.55,0,1,0.07417583],[6,4,29,28,29,4,30,29,28,27,26,25,24,25,26,23,25,24,21,23,24,22,23,21,20,22,21,18,20,21,19,20,18,16,19,18,17,16,18,13,16,17,15,16,13,14,15,13,12,14,13,11,12,13,10,12,11,8,10,11,9,10,8,7,9,8,1,7,8,6,7,1,2,6,1,4,6,2,3,4,2,5,4,3,2,1,0],0,0,1,1,0,0,1,1,0,0,0,0,[0,0,0,0],[-1.7,-1.82,1.7,1.82],100,340,364,340,364,170,182,0,0]},{"id":24062,"path":"Assets/Sprites/PlayableAds/BtnNow.png","assetBundleId":-1,"data":["BtnNow",25,24076,[0,0,0,2.88,0.8,0],[2.85,0.35,0,0.9947917,0.71875,2.88,-0.26,0,1,0.3375,2.88,0.26,0,1,0.6625,2.85,-0.36,0,0.9947917,0.275,2.82,0.43,0,0.9895833,0.76875,2.78,-0.51,0,0.9826389,0.18125,2.76,0.53,0,0.9791667,0.83125,2.69,-0.62,0,0.9670139,0.1125,2.63,0.66,0,0.9565972,0.9125,2.54,-0.72,0,0.9409722,0.05,2.5,0.75,0,0.9340278,0.96875,2.43,-0.77,0,0.921875,0.01875,2.36,0.8,0,0.9097222,1,2.34,-0.8,0,0.90625,0,-2.34,-0.8,0,0.09375003,0,-2.36,0.8,0,0.09027781,1,-2.42,0.78,0,0.07986111,0.9875,-2.44,-0.78,0,0.07638889,0.0125,-2.5,-0.74,0,0.06597222,0.0375,-2.57,0.71,0,0.05381944,0.94375,-2.62,-0.67,0,0.04513889,0.08125,-2.74,-0.55,0,0.02430556,0.15625,-2.76,0.53,0,0.02083333,0.83125,-2.78,-0.49,0,0.01736111,0.19375,-2.84,-0.39,0,0.006944444,0.25625,-2.85,0.36,0,0.005208333,0.725,-2.88,0.27,0,0,0.66875,-2.88,-0.28,0,0,0.325],[27,26,24,25,24,26,22,24,25,23,24,22,21,23,22,19,21,22,20,21,19,18,20,19,16,18,19,17,18,16,14,17,16,15,14,16,12,14,15,13,14,12,11,13,12,10,11,12,9,11,10,8,9,10,7,9,8,6,7,8,5,7,6,4,5,6,3,5,4,0,3,4,1,3,0,2,1,0],0,0,1,1,0,0,1,1,0,0,0,0,[0,0,0,0],[-2.88,-0.8,2.88,0.8],100,576,160,576,160,288,80,0,0]},{"id":24060,"path":"Assets/Sprites/PlayableAds/quả sồi.png","assetBundleId":-1,"data":["quả sồi",25,24086,[0,0,0,0.39,0.4,0],[0.36,0.4,0,0.95,1,0.39,-0.27,0,0.9875,0.1625,0.39,0.27,0,0.9875,0.8375,0.23,-0.4,0,0.7875,0,-0.15,0.4,0,0.3125,1,-0.21,0.39,0,0.2375,0.9875,-0.34,-0.4,0,0.075,0,-0.39,0.18,0,0.0125,0.725,-0.39,-0.3,0,0.0125,0.125],[8,7,6,5,6,7,3,6,5,4,3,5,0,3,4,1,3,0,2,1,0],-0.000951506022829562,0,0.999048471450806,1,0.0125000001862645,0,0.987500011920929,1,0,0,0,0,[0,0,0,0],[-0.4,-0.4,0.4,0.4],100,80,80,80,80,40,40,1.0761204957962,0]},{"id":24064,"path":"Assets/Sprites/PlayableAds/BG8.png","assetBundleId":-1,"data":["BG8",25,24088,[0,0,0,10.24,13.66223,0],[-10.24,13.66223,0,0,1,10.24,-13.66223,0,1,0,10.24,13.66223,0,1,1,-10.24,-13.66223,0,0,0],[3,0,1,2,1,0],0,0,1,1,0,0,1,1,0,0,0,0,[0,0,0,0],[-10.24,-13.66223,10.24,13.66223],74.951171875,1535,2048,1535,2048,767.5,1024,0,0]},{"id":24052,"path":"Assets/Sprites/PlayableAds/Tile.png","assetBundleId":-1,"data":["Tile",25,24078,[0,0,0,0.82,0.88,0],[0.82,0.77,0,1,0.9375,0.8,-0.79,0,0.9878049,0.05113636,0.82,-0.76,0,1,0.06818182,0.74,0.87,0,0.9512195,0.9943182,0.72,-0.88,0,0.9390244,0,0.71,0.88,0,0.9329268,1,-0.71,0.88,0,0.06707317,1,-0.76,-0.88,0,0.03658536,0,-0.81,0.8,0,0.006097561,0.9545454,-0.82,0.77,0,0,0.9375,-0.82,-0.78,0,0,0.05681818],[10,9,7,8,7,9,6,7,8,4,7,6,5,4,6,3,4,5,1,4,3,0,1,3,2,1,0],0,0,1,1,0,0,1,1,0,0,0,0,[0,0,0,0],[-0.82,-0.88,0.82,0.88],100,164,176,164,176,82,88,0,0]},{"id":24066,"path":"Assets/Sprites/PlayableAds/text.png","assetBundleId":-1,"data":["text",25,24090,[-0.335,4.22,0,4.415,4.22,0],[0.77,7.23,0,0.5712963,0.8765625,0.85,6.55,0,0.5787037,0.8411458,0.85,7.12,0,0.5787037,0.8708333,0.75,6.39,0,0.5694444,0.8328125,0.51,6.39,0,0.5472222,0.8328125,0.43,6.41,0,0.5398148,0.8338541,0.42,6.69,0,0.5388889,0.8484375,0.39,6.73,0,0.5361111,0.8505208,-1.46,6.39,0,0.3648148,0.8328125,0.31,6.39,0,0.5287037,0.8328125,-1.53,7.23,0,0.3583333,0.8765625,-1.53,6.44,0,0.3583333,0.8354167,0.41,6.62,0,0.537963,0.8447917,0.41,6.58,0,0.537963,0.8427083,0.41,6.5,0,0.537963,0.8385417,0.41,6.66,0,0.537963,0.846875,0.4,6.5,0,0.537037,0.8385417,-1.23,8.24,0,0.3861111,0.9291667,-2.16,7.41,0,0.3,0.8859375,-1.23,7.58,0,0.3861111,0.8947917,-2.78,7.41,0,0.2425926,0.8859375,-2.86,7.44,0,0.2351852,0.8875,-2.87,8.24,0,0.2342593,0.9291667,-2.91,8.2,0,0.2305555,0.9270833,-2.91,7.75,0,0.2305555,0.9036458,-3.34,8.41,0,0.1907407,0.9380208,-3.02,7.6,0,0.2203704,0.8958333,-3.02,8.28,0,0.2203704,0.93125,-4.68,8.41,0,0.06666669,0.9380208,-4.75,8.35,0,0.06018519,0.9348958,-4.75,7.6,0,0.06018519,0.8958333,1.15,8.44,0,0.6064815,0.9395834,1.16,7.89,0,0.6074074,0.9109375,1.16,8.41,0,0.6074074,0.9380208,1.04,7.6,0,0.5962963,0.8958333,-0.99,7.6,0,0.4083333,0.8958333,-1.11,8.44,0,0.3972222,0.9395834,-1.11,7.67,0,0.3972222,0.8994792,4.06,8.27,0,0.8759259,0.9307292,4.08,7.61,0,0.8777778,0.8963541,4.08,8.2,0,0.8777778,0.9270833,4.02,7.6,0,0.8722222,0.8958333,3.72,8.44,0,0.8444445,0.9395834,2.69,7.6,0,0.7490741,0.8958333,2.58,7.73,0,0.7388889,0.9026042,2.55,8.44,0,0.7361111,0.9395834,2.55,7.92,0,0.7361111,0.9125,2.46,8.44,0,0.7277778,0.9395834,2.45,7.61,0,0.7268519,0.8963541,2.46,7.62,0,0.7277778,0.896875,1.47,8.44,0,0.6361111,0.9395834,1.28,7.61,0,0.6185185,0.8963541,1.25,8.11,0,0.6157407,0.9223958,1.25,7.62,0,0.6157407,0.896875],[53,52,51,50,51,52,48,51,50,47,48,50,49,48,47,46,45,44,42,44,45,43,44,42,41,43,42,38,41,42,39,41,38,40,39,38,37,36,35,31,35,36,34,35,31,32,34,31,33,32,31,30,29,26,28,26,29,25,26,28,27,26,25,24,23,21,22,21,23,17,21,22,20,21,17,18,20,17,19,18,17,9,7,16,15,16,7,13,16,15,12,13,15,14,13,5,12,5,13,6,5,12,11,10,8,0,8,10,7,8,0,9,8,7,6,7,0,5,6,0,4,5,0,3,4,0,1,3,0,2,1,0],-0.0000704786871210672,-0.0000323732710967306,0.999929547309875,0.999967634677887,0.0601851865649223,0.832812488079071,0.877777755260468,0.939583361148834,0,0,0,0,[0,0,0,0],[-5.4,-9.6,5.4,9.6],100,1080,1920,1080,1920,540,960,65.0761184692383,1599.06213378906]},{"id":25690,"path":"Assets/Sprites/PlayableAds/Puzzle_Master.png","assetBundleId":-1,"data":["Puzzle_Master",25,25686,[0,0,0,6.815,4.785,0],[2.185,3.995,0,0.6603081,0.9174504,2.195,3.795,0,0.6610418,0.8965517,2.195,3.855,0,0.6610418,0.9028213,2.185,3.785,0,0.6603081,0.8955068,2.185,3.445,0,0.6603081,0.8599791,2.175,4.055,0,0.6595744,0.9237199,2.175,3.435,0,0.6595744,0.8589342,2.175,3.125,0,0.6595744,0.8265413,2.155,4.145,0,0.6581071,0.9331244,5.135,2.095,0,0.8767425,0.7189133,5.145,1.925,0,0.8774762,0.7011494,5.145,2.045,0,0.8774762,0.7136886,5.125,2.135,0,0.8760088,0.723093,5.125,1.815,0,0.8760088,0.6896552,5.105,2.255,0,0.8745415,0.7356322,5.075,1.605,0,0.8723404,0.6677116,5.025,2.385,0,0.8686721,0.7492163,4.975,1.175,0,0.8650036,0.6227795,4.905,2.505,0,0.8598679,0.7617555,4.865,2.535,0,0.8569332,0.7648903,4.845,0.605,0,0.8554659,0.5632184,4.815,2.575,0,0.8532649,0.76907,4.785,0.345,0,0.8510638,0.5360501,4.745,2.605,0,0.8481292,0.7722048,4.695,-0.055,0,0.8444607,0.4942529,4.685,2.625,0,0.8437271,0.7742947,4.645,-0.275,0,0.8407924,0.4712644,4.635,-0.315,0,0.8400587,0.4670846,4.555,2.655,0,0.8341893,0.7774295,5.695,-0.945,0,0.9178283,0.4012539,5.685,-0.825,0,0.9170946,0.4137931,5.695,-1.325,0,0.9178283,0.3615465,6.805,-1.565,0,0.9992663,0.3364681,6.815,-1.905,0,1,0.3009404,6.815,-1.605,0,1,0.3322884,6.795,-1.975,0,0.9985327,0.2936259,6.745,-2.085,0,0.9948643,0.2821317,6.705,-2.185,0,0.9919296,0.2716824,6.695,-1.445,0,0.9911959,0.3490073,6.655,-2.285,0,0.9882612,0.261233,6.645,-1.415,0,0.9875275,0.3521421,6.625,-2.365,0,0.9860601,0.2528736,6.565,-2.495,0,0.9816581,0.2392895,6.535,-1.375,0,0.9794571,0.3563218,6.515,-2.615,0,0.9779897,0.2267503,6.465,-2.725,0,0.9743214,0.215256,6.425,-2.825,0,0.9713867,0.2048067,6.365,-2.955,0,0.9669846,0.1912226,6.325,-3.055,0,0.9640499,0.1807732,6.315,-1.365,0,0.9633162,0.3573668,6.275,-3.175,0,0.9603815,0.1682341,6.255,-1.355,0,0.9589142,0.3584117,6.815,-4.315,0,1,0.04911181,6.775,-4.595,0,0.9970653,0.01985374,6.815,-4.465,0,1,0.03343783,6.725,-4.075,0,0.9933969,0.07419021,6.725,-4.665,0,0.9933969,0.01253918,6.655,-3.955,0,0.9882612,0.08672936,6.655,-4.735,0,0.9882612,0.005224661,6.585,-4.785,0,0.9831254,0,6.565,-3.775,0,0.9816581,0.1055381,6.505,-3.635,0,0.9772561,0.1201672,6.455,-3.535,0,0.9735877,0.1306165,6.395,-3.395,0,0.9691856,0.1452456,6.365,-3.345,0,0.9669846,0.1504702,6.325,-3.255,0,0.9640499,0.1598746,6.075,-1.355,0,0.945708,0.3584117,6.065,-1.345,0,0.9449743,0.3594566,6.005,-4.785,0,0.9405723,0,5.855,-4.775,0,0.9295672,0.001044932,5.845,-4.765,0,0.9288335,0.002089864,5.715,-1.335,0,0.9192957,0.3605016,5.675,-0.785,0,0.916361,0.4179728,5.655,-0.695,0,0.9148936,0.4273772,5.585,-0.595,0,0.9097579,0.4378265,5.515,-0.545,0,0.9046221,0.4430512,5.475,-4.755,0,0.9016874,0.003134796,5.465,-4.745,0,0.9009538,0.004179728,5.445,-0.515,0,0.8994864,0.446186,5.325,-0.485,0,0.8906823,0.4493208,5.275,-4.745,0,0.8870139,0.004179728,5.265,-0.475,0,0.8862802,0.4503657,5.265,-4.735,0,0.8862802,0.005224661,5.085,-0.435,0,0.8730741,0.4545455,5.065,-4.735,0,0.8716068,0.005224661,5.025,-4.725,0,0.8686721,0.006269592,4.915,-0.405,0,0.8606016,0.4576803,4.865,-4.715,0,0.8569332,0.007314525,4.855,-4.705,0,0.8561996,0.008359456,4.805,-0.385,0,0.8525312,0.4597701,4.725,-0.365,0,0.8466617,0.46186,4.665,-4.705,0,0.8422597,0.008359456,4.655,-0.355,0,0.841526,0.4629049,4.505,-4.665,0,0.8305209,0.01253918,4.475,2.675,0,0.8283199,0.7795193,4.435,-4.615,0,0.8253852,0.01776388,4.355,-4.515,0,0.8195158,0.02821317,4.345,2.705,0,0.8187821,0.7826541,4.335,-4.445,0,0.8180484,0.03552766,4.315,-4.135,0,0.8165811,0.06792055,4.125,-4.115,0,0.8026412,0.07001048,4.045,2.775,0,0.7967718,0.7899687,4.045,-4.095,0,0.7967718,0.07210035,3.785,2.835,0,0.7776963,0.7962382,3.775,-4.065,0,0.7769626,0.07523511,3.675,-4.055,0,0.7696258,0.07628007,3.565,-4.045,0,0.7615554,0.07732497,3.455,-4.025,0,0.753485,0.07941484,3.445,-4.015,0,0.7527513,0.08045977,3.225,2.965,0,0.7366104,0.8098224,3.215,-4.005,0,0.7358767,0.0815047,3.085,-3.995,0,0.726339,0.08254963,3.055,3.005,0,0.7241379,0.8140021,2.945,-3.985,0,0.7160675,0.08359457,2.905,-3.975,0,0.7131328,0.0846395,2.795,3.065,0,0.7050624,0.8202717,2.795,-3.965,0,0.7050624,0.08568443,2.785,-3.955,0,0.7043287,0.08672936,2.615,3.105,0,0.6918562,0.8244514,2.495,3.125,0,0.6830521,0.8265413,2.485,-3.945,0,0.6823184,0.08777429,2.475,-3.935,0,0.6815847,0.08881923,2.395,3.135,0,0.6757153,0.8275862,2.305,-3.935,0,0.6691123,0.08881923,2.295,-3.925,0,0.6683786,0.08986416,2.225,3.135,0,0.6632428,0.8275862,2.115,4.285,0,0.6551724,0.9477534,2.115,-3.925,0,0.6551724,0.08986416,2.075,-3.915,0,0.6522377,0.09090909,2.025,4.455,0,0.6485693,0.9655172,1.915,-3.905,0,0.6404989,0.09195402,1.905,-3.895,0,0.6397652,0.09299895,1.895,4.595,0,0.6390315,0.9801463,1.795,4.665,0,0.6316948,0.9874608,1.675,4.715,0,0.6228907,0.9926855,1.495,4.755,0,0.6096845,0.9968652,1.465,-3.885,0,0.6074835,0.09404389,1.455,-3.875,0,0.6067498,0.09508882,1.425,4.765,0,0.6045488,0.9979101,1.285,4.775,0,0.5942773,0.9989551,1.205,-3.875,0,0.5884079,0.09508882,1.195,-3.865,0,0.5876743,0.09613375,1.095,4.775,0,0.5803375,0.9989551,1.085,4.785,0,0.5796038,1,0.915,-3.865,0,0.5671313,0.09613375,0.875,-3.855,0,0.5641966,0.09717868,0.865,-3.845,0,0.563463,0.09822362,0.575,-3.845,0,0.5421864,0.09822362,0.565,-3.835,0,0.5414527,0.09926855,0.165,-3.835,0,0.5121056,0.09926855,0.155,-3.825,0,0.511372,0.1003135,-0.015,-3.825,0,0.4988995,0.1003135,-0.165,-3.835,0,0.4878944,0.09926855,-0.565,-3.835,0,0.4585473,0.09926855,-0.575,-3.845,0,0.4578137,0.09822362,-0.855,-3.845,0,0.4372707,0.09822362,-0.865,-3.855,0,0.4365371,0.09717868,-0.905,-3.865,0,0.4336023,0.09613375,-1.185,-3.865,0,0.4130594,0.09613375,-1.195,4.785,0,0.4123257,1,-1.195,-3.875,0,0.4123257,0.09508882,-1.205,4.775,0,0.4115921,0.9989551,-1.395,4.775,0,0.3976522,0.9989551,-1.455,-3.875,0,0.3932502,0.09508882,-1.465,-3.885,0,0.3925165,0.09404389,-1.535,4.765,0,0.3873808,0.9979101,-1.605,4.755,0,0.382245,0.9968652,-1.675,-3.885,0,0.3771093,0.09404389,-1.685,-3.895,0,0.3763756,0.09299895,-1.695,4.735,0,0.375642,0.9947754,-1.855,4.695,0,0.3639032,0.9905956,-1.905,-3.895,0,0.3602348,0.09299895,-1.915,-3.905,0,0.3595011,0.09195402,-1.935,4.645,0,0.3580337,0.9853709,-2.005,4.595,0,0.352898,0.9801463,-2.065,-3.915,0,0.348496,0.09090909,-2.105,4.485,0,0.3455613,0.968652,-2.105,-3.925,0,0.3455613,0.08986416,-2.135,4.445,0,0.3433602,0.9644723,-2.175,4.395,0,0.3404255,0.9592476,-2.225,4.285,0,0.3367572,0.9477534,-2.245,4.225,0,0.3352898,0.9414838,-2.265,4.145,0,0.3338225,0.9331244,-2.285,4.055,0,0.3323551,0.9237199,-2.285,3.435,0,0.3323551,0.8589342,-2.285,3.125,0,0.3323551,0.8265413,-2.285,-3.925,0,0.3323551,0.08986416,-2.295,-3.935,0,0.3316214,0.08881923,-2.335,3.135,0,0.3286867,0.8275862,-2.465,-3.935,0,0.3191489,0.08881923,-2.475,-3.945,0,0.3184153,0.08777429,-2.505,3.135,0,0.3162142,0.8275862,-2.605,3.125,0,0.3088775,0.8265413,-2.675,3.115,0,0.3037418,0.8254963,-2.795,-3.965,0,0.2949376,0.08568443,-2.825,3.085,0,0.2927366,0.8223615,-2.895,-3.975,0,0.2876009,0.0846395,-2.915,3.065,0,0.2861335,0.8202717,-2.935,-3.985,0,0.2846662,0.08359457,-3.075,-3.995,0,0.2743947,0.08254963,-3.115,3.015,0,0.27146,0.815047,-3.215,2.995,0,0.2641233,0.8129572,-3.295,2.975,0,0.2582538,0.8108673,-3.335,-4.015,0,0.2553191,0.08045977,-3.445,-4.025,0,0.2472487,0.07941484,-3.515,-4.035,0,0.242113,0.07836991,-3.555,-4.045,0,0.2391783,0.07732497,-3.595,2.905,0,0.2362436,0.8035527,-3.645,2.895,0,0.2325752,0.8025078,-3.665,-4.055,0,0.2311078,0.07628007,-3.765,-4.065,0,0.2237711,0.07523511,-3.775,2.875,0,0.2230374,0.800418,-3.855,2.845,0,0.217168,0.7972832,-3.945,-4.075,0,0.2105649,0.07419021,-3.955,-4.085,0,0.2098313,0.07314525,-4.035,-4.095,0,0.2039618,0.07210035,-4.115,-4.115,0,0.1980925,0.07001048,-4.155,2.775,0,0.1951577,0.7899687,-4.205,2.765,0,0.1914894,0.7889237,-4.205,-4.125,0,0.1914894,0.06896552,-4.275,-4.135,0,0.1863536,0.06792055,-4.305,-4.365,0,0.1841526,0.04388718,-4.335,2.745,0,0.1819516,0.7868339,-4.335,-4.485,0,0.1819516,0.03134796,-4.375,-4.555,0,0.1790169,0.02403347,-4.415,2.715,0,0.1760822,0.783699,-4.455,-4.635,0,0.1731475,0.01567395,-4.505,-4.665,0,0.1694791,0.01253918,-4.575,-4.685,0,0.1643434,0.01044932,-4.615,-4.695,0,0.1614087,0.009404357,-4.635,2.665,0,0.1599413,0.7784744,-4.665,-4.705,0,0.1577403,0.008359456,-4.745,-0.355,0,0.1518709,0.4629049,-4.755,-0.285,0,0.1511372,0.4702194,-4.795,2.625,0,0.1482025,0.7742947,-4.795,-0.105,0,0.1482025,0.4890282,-4.815,-0.005,0,0.1467351,0.4994775,-4.895,0.335,0,0.1408657,0.5350052,-4.915,0.425,0,0.1393984,0.5444096,-4.925,2.575,0,0.1386647,0.76907,-4.935,0.525,0,0.137931,0.5548589,-5.005,0.815,0,0.1327953,0.585162,-5.025,2.505,0,0.131328,0.7617555,-5.025,0.905,0,0.131328,0.5945663,-5.045,1.005,0,0.1298606,0.6050157,-5.105,2.415,0,0.1254586,0.7523511,-5.115,1.295,0,0.1247249,0.6353187,-5.135,1.385,0,0.1232575,0.6447231,-5.155,1.485,0,0.1217902,0.6551724,-5.175,2.325,0,0.1203228,0.7429467,-5.225,2.235,0,0.1166544,0.7335423,-5.225,1.765,0,0.1166544,0.6844305,-5.235,2.135,0,0.1159208,0.723093,-5.255,2.045,0,0.1144534,0.7136886,-5.255,1.925,0,0.1144534,0.7011494,4.315,-4.365,0,0.8165811,0.04388718,-6.285,-1.365,0,0.03888481,0.3573668,-6.305,-3.085,0,0.03741746,0.1776385,-6.285,-3.175,0,0.03888481,0.1682341,-6.325,-3.035,0,0.03595011,0.1828631,-6.375,-2.925,0,0.03228173,0.1943574,-6.415,-2.825,0,0.02934703,0.2048067,-6.425,-1.375,0,0.02861335,0.3563218,-6.475,-2.695,0,0.02494497,0.2183908,-6.495,-1.375,0,0.02347762,0.3563218,-6.515,-2.595,0,0.02201027,0.2288401,-6.555,-2.515,0,0.01907557,0.2371996,-6.575,-1.395,0,0.01760822,0.354232,-6.615,-2.365,0,0.01467351,0.2528736,-6.635,-1.415,0,0.01320616,0.3521421,-6.665,-2.255,0,0.01100514,0.2643678,-6.695,-2.185,0,0.008804109,0.2716824,-6.705,-1.465,0,0.008070433,0.3469175,-6.715,-2.135,0,0.007336757,0.276907,-6.755,-1.505,0,0.004402054,0.3427377,-6.755,-2.055,0,0.004402054,0.2852665,-6.805,-1.575,0,0.0007336757,0.3354232,-6.805,-1.925,0,0.0007336757,0.2988506,-6.815,-1.605,0,0,0.3322884,-6.815,-1.885,0,0,0.3030303,-2.305,3.855,0,0.3308877,0.9028213,-2.295,3.785,0,0.3316214,0.8955068,-2.295,3.995,0,0.3316214,0.9174504,-2.305,3.795,0,0.3308877,0.8965517,-2.295,3.445,0,0.3316214,0.8599791,-4.795,-0.385,0,0.1482025,0.4597701,-4.845,-4.705,0,0.1445341,0.008359456,-4.855,-4.715,0,0.1438004,0.007314525,-4.905,-0.405,0,0.140132,0.4576803,-4.975,-0.415,0,0.1349963,0.4566353,-5.015,-4.725,0,0.1320616,0.006269592,-5.055,-4.735,0,0.129127,0.005224661,-5.075,-0.435,0,0.1276596,0.4545455,-5.155,-0.455,0,0.1217902,0.4524556,-5.255,-4.735,0,0.1144534,0.005224661,-5.265,-0.475,0,0.1137197,0.4503657,-5.265,-4.745,0,0.1137197,0.004179728,-5.355,-0.495,0,0.1071167,0.4482759,-5.435,-0.515,0,0.1012473,0.446186,-5.455,-4.745,0,0.0997799,0.004179728,-5.465,-4.755,0,0.09904622,0.003134796,-5.485,-0.535,0,0.09757887,0.4440961,-5.565,-0.585,0,0.09170946,0.4388715,-5.645,-4.755,0,0.08584006,0.003134796,-5.655,-0.685,0,0.08510638,0.4284222,-5.655,-4.765,0,0.08510638,0.002089864,-5.675,-0.815,0,0.08363903,0.414838,-5.685,-0.945,0,0.08290535,0.4012539,-5.685,-1.325,0,0.08290535,0.3615465,-5.705,-1.325,0,0.081438,0.3615465,-5.835,-4.765,0,0.07190022,0.002089864,-5.845,-4.775,0,0.07116655,0.001044932,-5.875,-1.335,0,0.06896552,0.3605016,-5.885,-1.345,0,0.06823184,0.3594566,-5.995,-4.785,0,0.06016141,0,-6.055,-1.345,0,0.05575936,0.3594566,-6.065,-1.355,0,0.05502568,0.3584117,-6.245,-1.355,0,0.04181952,0.3584117,-6.335,-3.275,0,0.03521644,0.1577847,-6.415,-3.465,0,0.02934703,0.137931,-6.475,-3.585,0,0.02494497,0.1253919,-6.505,-3.655,0,0.02274395,0.1180773,-6.535,-4.785,0,0.02054292,0,-6.565,-3.775,0,0.01834189,0.1055381,-6.575,-4.775,0,0.01760822,0.001044932,-6.595,-3.845,0,0.01614087,0.09822362,-6.645,-4.735,0,0.01247249,0.005224661,-6.665,-3.995,0,0.01100514,0.08254963,-6.705,-4.085,0,0.008070433,0.07314525,-6.725,-4.665,0,0.006603081,0.01253918,-6.735,-4.135,0,0.005869406,0.06792055,-6.775,-4.575,0,0.002934703,0.02194361,-6.785,-4.225,0,0.002201027,0.0585162,-6.805,-4.365,0,0.0007336757,0.04388718,-6.805,-4.455,0,0.0007336757,0.03448276],[334,333,331,332,331,333,330,331,332,329,331,330,328,329,330,326,329,328,327,326,328,325,326,327,324,326,325,323,324,325,322,324,323,321,322,323,314,322,321,320,314,321,319,314,320,318,314,319,258,314,318,256,314,258,317,314,256,316,314,317,315,314,316,313,314,315,311,314,313,312,311,313,309,311,312,310,311,309,305,310,309,308,305,309,307,305,308,306,305,307,304,305,306,303,305,304,302,303,304,300,303,302,301,300,302,298,300,301,299,300,298,296,299,298,297,296,298,295,296,297,294,296,295,293,294,295,291,294,293,292,291,293,289,291,292,290,291,289,287,290,289,288,287,289,285,287,288,286,287,285,231,286,285,232,231,285,284,281,184,282,184,281,183,184,282,283,280,281,282,281,280,279,278,277,276,277,278,275,277,276,274,275,276,273,275,274,272,273,274,271,273,272,269,271,272,270,271,269,268,270,269,267,268,269,266,268,267,264,266,267,265,266,264,263,265,264,262,263,264,261,263,262,256,261,262,260,261,256,259,260,256,257,259,256,258,257,256,255,99,98,254,253,251,252,251,253,250,251,252,248,251,250,249,248,250,245,248,249,247,248,245,246,247,245,244,246,245,242,244,245,243,244,242,241,243,242,239,241,242,240,241,239,238,240,239,234,238,239,237,238,234,236,237,234,235,236,234,233,235,234,230,233,234,232,233,230,231,232,230,229,231,230,225,229,230,228,229,225,227,228,225,226,227,225,224,226,225,222,224,225,223,224,222,221,223,222,218,221,222,220,221,218,219,220,218,216,219,218,217,216,218,212,216,217,215,216,212,214,215,212,213,214,212,210,213,212,211,210,212,208,210,211,209,210,208,206,209,208,207,206,208,202,206,207,205,206,202,204,205,202,203,204,202,199,203,202,201,199,202,200,199,201,197,199,200,198,199,197,196,198,197,195,196,197,194,196,195,193,194,195,190,194,193,192,190,193,191,190,192,188,190,191,189,190,188,187,189,188,185,187,188,186,187,185,177,186,185,184,177,185,183,177,184,182,177,183,181,177,182,180,177,181,179,177,180,178,177,179,176,177,178,175,177,176,174,175,176,172,175,174,173,172,174,170,172,173,171,172,170,168,171,170,169,168,170,166,168,169,167,168,166,164,167,166,165,164,166,162,164,165,163,164,162,160,163,162,161,160,162,159,160,161,158,160,159,143,158,159,157,158,143,156,157,143,155,156,143,154,155,143,153,154,143,152,153,143,151,152,143,150,151,143,149,150,143,148,149,143,147,148,143,146,147,143,145,146,143,144,145,143,141,144,143,142,141,143,139,141,142,140,141,139,137,140,139,138,137,139,135,137,138,136,137,135,131,136,135,134,131,135,133,131,134,132,131,133,129,131,132,130,131,129,128,130,129,126,128,129,127,128,126,124,127,126,8,124,126,7,124,8,125,124,7,122,124,125,123,124,122,121,123,122,119,121,122,120,121,119,117,120,119,118,117,119,115,117,118,116,117,115,114,116,115,112,114,115,113,114,112,111,113,112,109,111,112,110,111,109,108,110,109,103,108,109,107,108,103,106,107,103,105,106,103,104,105,103,102,104,103,101,102,103,100,102,101,97,100,101,99,100,97,98,99,97,96,98,97,94,96,97,95,96,94,93,95,94,28,93,94,91,93,28,27,91,28,92,91,27,90,91,92,88,91,90,89,88,90,86,88,89,87,88,86,85,87,86,83,85,86,84,85,83,82,84,83,81,82,83,80,82,81,79,80,81,77,80,79,78,77,79,75,77,78,76,77,75,70,76,75,74,70,75,73,70,74,31,70,73,72,31,73,30,31,72,71,70,31,67,70,71,69,70,67,68,69,67,50,68,67,59,68,50,66,50,67,51,50,66,65,59,50,64,59,65,63,59,64,62,59,63,61,59,62,60,59,61,57,59,60,58,59,57,56,58,57,55,56,57,53,56,55,52,53,55,54,53,52,51,49,50,48,50,49,43,48,49,47,48,43,46,47,43,45,46,43,44,45,43,42,44,43,40,42,43,41,42,40,39,41,40,38,39,40,37,39,38,32,37,38,36,37,32,35,36,32,33,35,32,34,33,32,31,30,29,28,25,27,26,27,25,24,26,25,23,24,25,22,24,23,21,22,23,20,22,21,19,20,21,17,20,19,18,17,19,16,17,18,15,17,16,14,15,16,13,15,14,12,13,14,10,13,12,9,10,12,11,10,9,8,5,7,6,7,5,4,6,5,0,4,5,3,4,0,1,3,0,2,1,0],0,0,1,1,0,0,1,1,0,0,0,0,[0,0,0,0],[-6.815,-4.785,6.815,4.785],100,1363,957,1363,957,681.5,478.5,0,0]},{"id":24070,"path":"Assets/Sprites/PlayableAds/nấm đỏ.png","assetBundleId":-1,"data":["nấm đỏ",25,24094,[0,0,0,1.785,1.56,0],[1.745,0.98,0,0.9887955,0.8141026,1.785,0.31,0,1,0.599359,1.785,0.82,0,1,0.7628205,1.565,0,0,0.9383754,0.5,1.495,1.07,0,0.9187675,0.8429487,1.275,-0.26,0,0.8571429,0.4166667,1.175,1.16,0,0.8291317,0.8717949,0.955,-0.46,0,0.767507,0.3525641,0.535,1.51,0,0.64986,0.9839743,1.365,-0.68,0,0.8823529,0.2820513,1.415,-1.24,0,0.8963585,0.1025641,1.445,-0.84,0,0.9047619,0.2307692,1.065,-1.56,0,0.7983193,0,0.325,-1.56,0,0.5910364,0,0.315,1.56,0,0.5882353,1,0.075,-1.42,0,0.5210084,0.0448718,-0.205,-1.13,0,0.442577,0.1378205,-0.335,-0.86,0,0.4061625,0.224359,-0.355,1.56,0,0.4005602,1,-0.645,1.49,0,0.3193277,0.9775641,-0.875,1.37,0,0.254902,0.9391026,-0.885,-0.8,0,0.2521009,0.2435897,-1.165,-0.78,0,0.1736695,0.25,-1.265,0.91,0,0.1456583,0.7916667,-1.435,0.49,0,0.09803922,0.6570513,-1.515,-0.63,0,0.07563026,0.2980769,-1.715,0.19,0,0.01960784,0.5608974,-1.735,-0.49,0,0.0140056,0.3429487,-1.785,0.1,0,0,0.5320513,-1.785,-0.32,0,0,0.3974359],[29,28,27,26,27,28,25,27,26,24,25,26,22,25,24,23,22,24,20,22,23,21,22,20,17,21,20,19,17,20,18,17,19,14,17,18,16,17,14,15,16,14,13,15,14,8,13,14,12,13,8,7,12,8,9,12,7,10,12,9,11,10,9,8,6,7,5,7,6,4,5,6,3,5,4,0,3,4,1,3,0,2,1,0],0,0,1,1,0,0,1,1,0,0,0,0,[0,0,0,0],[-1.785,-1.56,1.785,1.56],100,357,312,357,312,178.5,156,0,0]},{"id":24068,"path":"Assets/Sprites/PlayableAds/táo.png","assetBundleId":-1,"data":["táo",25,24092,[0,0,0,1.825,1.68,0],[1.765,1.11,0,0.9835616,0.8303571,1.825,0.64,0,1,0.6904762,1.825,0.96,0,1,0.7857143,1.735,0.51,0,0.9753425,0.6517857,1.475,0.23,0,0.9041096,0.5684524,1.385,1.38,0,0.879452,0.9107143,1.405,-0.69,0,0.8849315,0.2946429,1.185,-1.03,0,0.8246576,0.1934524,1.055,-1.18,0,0.7890411,0.1488096,0.745,-1.44,0,0.7041096,0.07142857,0.715,1.39,0,0.6958904,0.9136904,0.655,1.62,0,0.6794521,0.9821429,0.575,1.68,0,0.6575342,1,0.525,-1.56,0,0.6438356,0.03571429,0.405,-1.6,0,0.6109589,0.02380952,0.245,-1.65,0,0.5671233,0.008928572,0.125,-1.68,0,0.5342466,0,0.005,1.68,0,0.5013698,1,-0.175,1.51,0,0.4520548,0.9494048,-0.395,1.55,0,0.3917808,0.9613096,-0.585,-1.68,0,0.339726,0,-0.785,1.53,0,0.2849315,0.9553571,-0.885,-1.57,0,0.2575342,0.0327381,-1.005,1.47,0,0.2246575,0.9375,-1.175,-1.4,0,0.1780822,0.08333334,-1.275,1.31,0,0.1506849,0.889881,-1.445,1.15,0,0.1041096,0.8422619,-1.515,-1.09,0,0.08493151,0.1755952,-1.635,0.89,0,0.0520548,0.764881,-1.725,-0.79,0,0.02739726,0.264881,-1.785,-0.62,0,0.0109589,0.3154762,-1.795,0.5,0,0.008219178,0.6488096,-1.825,0.33,0,0,0.5982143,-1.825,-0.41,0,0,0.3779762,1.495,-0.43,0,0.9095891,0.3720238,1.515,-0.04,0,0.9150685,0.4880952],[6,4,34,35,34,4,33,32,30,31,30,32,28,30,31,29,30,28,27,29,28,26,27,28,24,27,26,25,24,26,23,24,25,22,24,23,21,22,23,20,22,21,19,20,21,16,20,19,18,16,19,17,16,18,12,16,17,15,16,12,14,15,12,13,14,12,9,13,12,11,9,12,10,9,11,5,9,10,8,9,5,7,8,5,6,7,5,4,6,5,0,4,5,3,4,0,1,3,0,2,1,0],0,0,1,1,0,0,1,1,0,0,0,0,[0,0,0,0],[-1.825,-1.68,1.825,1.68],100,365,336,365,336,182.5,168,0,0]},{"id":24072,"path":"Assets/Sprites/PlayableAds/cá nóc cam.png","assetBundleId":-1,"data":["cá nóc cam",25,24096,[0,0,0,1.685,1.67,0],[1.505,0.69,0,0.9465876,0.7065868,1.135,1.2,0,0.8367953,0.8592814,1.305,-0.76,0,0.8872404,0.2724551,1.575,1.02,0,0.9673591,0.8053892,1.555,0.34,0,0.9614244,0.6017964,1.685,-0.31,0,1,0.4071856,1.685,-0.05,0,1,0.4850299,1.545,-0.42,0,0.958457,0.3742515,1.505,-0.94,0,0.9465876,0.2185629,1.535,-1.19,0,0.9554896,0.1437126,1.545,-1.05,0,0.958457,0.1856288,1.435,-1.33,0,0.925816,0.1017964,1.115,-1.43,0,0.8308606,0.07185629,0.865,1.4,0,0.7566766,0.9191617,0.725,-1.63,0,0.7151335,0.01197605,0.635,-1.67,0,0.6884273,0,0.485,1.56,0,0.6439169,0.9670659,0.305,-1.67,0,0.5905045,0,0.175,1.61,0,0.5519288,0.9820359,0.115,-1.49,0,0.5341246,0.05389221,-0.365,1.67,0,0.3916914,1,-0.395,-1.37,0,0.3827893,0.08982036,-0.695,1.67,0,0.2937686,1,-0.825,-1.4,0,0.2551929,0.08083832,-0.995,-1.31,0,0.2047478,0.1077844,-1.395,1.01,0,0.08605342,0.8023952,-1.465,-0.68,0,0.0652819,0.2964072,-1.575,-0.65,0,0.03264095,0.3053892,-1.655,0.24,0,0.008902078,0.5718563,-1.685,0.83,0,0,0.748503,-1.685,0.57,0,0,0.6706587,-1.685,-0.04,0,0,0.488024,-1.685,-0.58,0,0,0.3263473],[32,31,27,28,27,31,30,29,28,25,28,29,27,28,25,26,27,25,24,26,25,22,24,25,23,24,22,21,23,22,20,21,22,19,21,20,18,19,20,17,19,18,16,17,18,15,17,16,13,15,16,14,15,13,12,14,13,1,12,13,2,12,1,11,12,2,8,11,2,9,11,8,10,9,8,2,0,7,4,7,0,5,7,4,6,5,4,3,0,1,2,1,0],0,0,1,1,0,0,1,1,0,0,0,0,[0,0,0,0],[-1.685,-1.67,1.685,1.67],100,337,334,337,334,168.5,167,0,0]},{"id":24074,"path":"Assets/Sprites/Icon/1.png","assetBundleId":-1,"data":["1",25,24098,[0,0,0,0.39,0.4,0],[0.36,0.4,0,0.95,1,0.39,-0.27,0,0.9875,0.1625,0.39,0.27,0,0.9875,0.8375,0.23,-0.4,0,0.7875,0,-0.15,0.4,0,0.3125,1,-0.21,0.39,0,0.2375,0.9875,-0.34,-0.4,0,0.075,0,-0.39,0.18,0,0.0125,0.725,-0.39,-0.3,0,0.0125,0.125],[8,7,6,5,6,7,3,6,5,4,3,5,0,3,4,1,3,0,2,1,0],-0.000951506022829562,0,0.999048471450806,1,0.0125000001862645,0,0.987500011920929,1,0,0,0,0,[0,0,0,0],[-0.4,-0.4,0.4,0.4],100,80,80,80,80,40,40,1.0761204957962,0]}],"text-assets":[{"id":24188,"path":"Assets/TextMesh Pro/Resources/LineBreaking Leading Characters.txt","assetBundleId":-1,"data":["LineBreaking Leading Characters",null,"([｛〔〈《「『【〘〖〝‘“｟«$—…‥〳〴〵\\［（{£¥\"々〇＄￥￦ #"]},{"id":24190,"path":"Assets/TextMesh Pro/Resources/LineBreaking Following Characters.txt","assetBundleId":-1,"data":["LineBreaking Following Characters",null,")]｝〕〉》」』】〙〗〟’”｠»ヽヾーァィゥェォッャュョヮヵヶぁぃぅぇぉっゃゅょゎゕゖㇰㇱㇲㇳㇴㇵㇶㇷㇸㇹㇺㇻㇼㇽㇾㇿ々〻‐゠–〜?!‼⁇⁈⁉・、%,.:;。！？］）：；＝}¢°\"†‡℃〆％，．"]}],"textures":[{"id":-556898,"type":0,"path":"Assets/Scenes/PlayableScene.unity/PrefilteredEnvironment.exr","assetBundleId":-1,"data":["",512,256,1,1,1,1,4,0,0,1]},{"id":24080,"type":0,"path":"Assets/Sprites/PlayableAds/female hand.png","assetBundleId":-1,"data":["female hand",223,512,1,1,1,0,50,1,1,1]},{"id":24078,"type":0,"path":"Assets/Sprites/PlayableAds/Tile.png","assetBundleId":-1,"data":["Tile",164,176,1,1,1,0,50,1,1,1]},{"id":24084,"type":0,"path":"Assets/Sprites/PlayableAds/kem sicula.png","assetBundleId":-1,"data":["kem sicula",340,364,1,1,1,0,50,1,1,1]},{"id":24082,"type":0,"path":"Assets/Sprites/PlayableAds/chuối.png","assetBundleId":-1,"data":["chuối",374,337,1,1,1,0,50,1,1,1]},{"id":24076,"type":0,"path":"Assets/Sprites/PlayableAds/BtnNow.png","assetBundleId":-1,"data":["BtnNow",512,142,1,1,1,0,50,1,1,1]},{"id":24088,"type":0,"path":"Assets/Sprites/PlayableAds/BG8.png","assetBundleId":-1,"data":["BG8",384,512,1,1,1,0,50,1,1,1]},{"id":24086,"type":0,"path":"Assets/Sprites/PlayableAds/quả sồi.png","assetBundleId":-1,"data":["quả sồi",80,80,1,1,1,0,50,1,1,1]},{"id":24090,"type":0,"path":"Assets/Sprites/PlayableAds/text.png","assetBundleId":-1,"data":["text",288,512,1,1,1,0,50,1,1,1]},{"id":24092,"type":0,"path":"Assets/Sprites/PlayableAds/táo.png","assetBundleId":-1,"data":["táo",365,336,1,1,1,0,50,1,1,1]},{"id":24094,"type":0,"path":"Assets/Sprites/PlayableAds/nấm đỏ.png","assetBundleId":-1,"data":["nấm đỏ",357,312,1,1,1,0,50,1,1,1]},{"id":24096,"type":0,"path":"Assets/Sprites/PlayableAds/cá nóc cam.png","assetBundleId":-1,"data":["cá nóc cam",337,334,1,1,1,0,50,1,1,1]},{"id":24098,"type":0,"path":"Assets/Sprites/Icon/1.png","assetBundleId":-1,"data":["1",80,80,1,1,1,0,50,1,1,1]},{"id":25686,"type":0,"path":"Assets/Sprites/PlayableAds/Puzzle_Master.png","assetBundleId":-1,"data":["Puzzle_Master",512,359,1,1,1,0,50,1,1,1]}]}